"IDDETALLEVENTA","IDPRODUCTO","CANTIDAD","TOTALLINEA","IDFACTURA"
1,2,2,2000,1
2,7,7,3500,2
3,4,4,5000,3
4,1,1,15000,4
5,6,6,28500,5
6,2,2,2000,1
7,7,7,3500,2
8,4,4,5000,3
9,1,1,15000,4
10,6,6,28500,5
11,2,2,2000,6
12,7,7,3500,7
13,4,4,5000,8
14,1,1,15000,9
15,6,6,28500,10
16,2,2,2000,11
17,7,7,3500,12
18,4,4,5000,13
19,1,1,15000,14
20,6,6,28500,15
21,2,2,2000,16
22,7,7,3500,17
23,4,4,5000,18
24,1,1,15000,19
25,6,6,28500,20
26,2,2,2000,21
27,7,7,3500,22
28,4,4,5000,23
29,1,1,15000,24
30,6,6,28500,25
31,2,2,2000,26
32,7,7,3500,27
33,4,4,5000,28
34,1,1,15000,29
35,6,6,28500,30
36,2,2,2000,31
37,7,7,3500,32
38,4,4,5000,33
39,1,1,15000,34
40,6,6,28500,35
41,2,2,2000,36
42,7,7,3500,37
43,4,4,5000,38
44,1,1,15000,39
45,6,6,28500,40
46,2,2,2000,41
47,7,7,3500,42
48,4,4,5000,43
49,1,1,15000,44
50,6,6,28500,45
51,2,2,2000,46
52,7,7,3500,47
53,4,4,5000,48
54,1,1,15000,49
55,6,6,28500,50
56,2,2,2000,51
57,7,7,3500,52
58,4,4,5000,53
59,1,1,15000,54
60,6,6,28500,55
61,2,2,2000,56
62,7,7,3500,57
63,4,4,5000,58
64,1,1,15000,59
65,6,6,28500,60
66,2,2,2000,61
67,7,7,3500,62
68,4,4,5000,63
69,1,1,15000,64
70,6,6,28500,65
71,2,2,2000,66
72,7,7,3500,67
73,4,4,5000,68
74,1,1,15000,69
75,6,6,28500,70
76,2,2,2000,71
77,7,7,3500,72
78,4,4,5000,73
79,1,1,15000,74
80,6,6,28500,75
81,2,2,2000,76
82,7,7,3500,77
83,4,4,5000,78
84,1,1,15000,79
85,6,6,28500,80
86,2,2,2000,81
87,7,7,3500,82
88,4,4,5000,83
89,1,1,15000,84
90,6,6,28500,85
91,2,2,2000,86
92,7,7,3500,87
93,4,4,5000,88
94,1,1,15000,89
95,6,6,28500,90
96,2,2,2000,91
97,7,7,3500,92
98,4,4,5000,93
99,1,1,15000,94
100,6,6,28500,95
101,2,2,2000,96
102,7,7,3500,97
103,4,4,5000,98
104,1,1,15000,99
105,6,6,28500,100
106,2,2,2000,101
107,7,7,3500,102
108,4,4,5000,103
109,1,1,15000,104
110,6,6,28500,105
111,2,2,2000,106
112,7,7,3500,107
113,4,4,5000,108
114,1,1,15000,109
115,6,6,28500,110
116,2,2,2000,111
117,7,7,3500,112
118,4,4,5000,113
119,1,1,15000,114
120,6,6,28500,115
121,2,2,2000,116
122,7,7,3500,117
123,4,4,5000,118
124,1,1,15000,119
125,6,6,28500,120
126,2,2,2000,121
127,7,7,3500,122
128,4,4,5000,123
129,1,1,15000,124
130,6,6,28500,125
131,2,2,2000,126
132,7,7,3500,127
133,4,4,5000,128
134,1,1,15000,129
135,6,6,28500,130
136,2,2,2000,131
137,7,7,3500,132
138,4,4,5000,133
139,1,1,15000,134
140,6,6,28500,135
141,2,2,2000,136
142,7,7,3500,137
143,4,4,5000,138
144,1,1,15000,139
145,6,6,28500,140
146,2,2,2000,141
147,7,7,3500,142
148,4,4,5000,143
149,1,1,15000,144
150,6,6,28500,145
151,2,2,2000,146
152,7,7,3500,147
153,4,4,5000,148
154,1,1,15000,149
155,6,6,28500,150
156,2,2,2000,151
157,7,7,3500,152
158,4,4,5000,153
159,1,1,15000,154
160,6,6,28500,155
161,2,2,2000,156
162,7,7,3500,157
163,4,4,5000,158
164,1,1,15000,159
165,6,6,28500,160
166,2,2,2000,161
167,7,7,3500,162
168,4,4,5000,163
169,1,1,15000,164
170,6,6,28500,165
171,2,2,2000,166
172,7,7,3500,167
173,4,4,5000,168
174,1,1,15000,169
175,6,6,28500,170
176,2,2,2000,171
177,7,7,3500,172
178,4,4,5000,173
179,1,1,15000,174
180,6,6,2000,175
181,2,2,3500,176
182,7,7,5000,177
183,4,4,15000,178
184,1,1,28500,179
185,6,6,2000,180
186,2,2,3500,181
187,7,7,5000,182
188,4,4,15000,183
189,1,1,28500,184
190,6,6,2000,185
191,2,2,3500,186
192,7,7,5000,187
193,4,4,15000,188
194,1,1,28500,189
195,6,6,2000,190
196,2,2,3500,191
197,7,7,5000,192
198,4,4,15000,193
199,1,1,28500,194
200,6,6,2000,195
201,2,2,3500,196
202,7,7,5000,197
203,4,4,15000,198
204,1,1,28500,199
205,6,6,2000,200
206,2,2,3500,201
207,7,7,5000,202
208,4,4,15000,203
209,1,1,28500,204
210,6,6,2000,205
211,2,2,3500,206
212,7,7,5000,207
213,4,4,15000,208
214,1,1,28500,209
215,6,6,2000,210
216,2,2,3500,211
217,7,7,5000,212
218,4,4,15000,213
219,1,1,28500,214
220,6,6,2000,215
221,2,2,3500,216
222,7,7,5000,217
223,4,4,15000,218
224,1,1,28500,219
225,6,6,2000,220
226,2,2,3500,221
227,7,7,5000,222
228,4,4,15000,223
229,1,1,28500,224
230,6,6,2000,225
231,2,2,3500,226
232,7,7,5000,227
233,4,4,15000,228
234,1,1,28500,229
235,6,6,2000,230
236,2,2,3500,231
237,7,7,5000,232
238,4,4,15000,233
239,1,1,28500,234
240,6,6,2000,235
241,2,2,3500,236
242,7,7,5000,237
243,4,4,15000,238
244,1,1,28500,239
245,6,6,2000,240
246,2,2,3500,241
247,7,7,5000,242
248,4,4,15000,243
249,1,1,28500,244
250,6,6,2000,245
251,2,2,3500,246
252,7,7,5000,247
253,4,4,15000,248
254,1,1,28500,249
255,6,6,2000,250
256,2,2,3500,251
257,7,7,5000,252
258,4,4,15000,253
259,1,1,28500,254
260,6,6,2000,255
261,2,2,3500,256
262,7,7,5000,257
263,4,4,15000,258
264,1,1,28500,259
265,6,6,2000,260
266,2,2,3500,261
267,7,7,5000,262
268,4,4,15000,263
269,1,1,28500,264
270,6,6,2000,265
271,2,2,3500,266
272,7,7,5000,267
273,4,4,15000,268
274,1,1,28500,269
275,6,6,2000,270
276,2,2,3500,271
277,7,7,5000,272
278,4,4,15000,273
279,1,1,28500,274
280,6,6,2000,275
281,2,2,3500,276
282,7,7,5000,277
283,4,4,15000,278
284,1,1,28500,279
285,6,6,2000,280
286,2,2,3500,281
287,7,7,5000,282
288,4,4,15000,283
289,1,1,28500,284
290,6,6,2000,285
291,2,2,3500,286
292,7,7,5000,287
293,4,4,15000,288
294,1,1,28500,289
295,6,6,2000,290
296,2,2,3500,291
297,7,7,5000,292
298,4,4,15000,293
299,1,1,28500,294
300,6,6,2000,295
301,2,2,3500,296
302,7,7,5000,297
303,4,4,15000,298
304,1,1,28500,299
305,6,6,2000,300
306,2,2,3500,301
307,7,7,5000,302
308,4,4,15000,303
309,1,1,28500,304
310,6,6,2000,305
311,2,2,3500,306
312,7,7,5000,307
313,4,4,15000,308
314,1,1,28500,309
315,6,6,2000,310
316,2,2,3500,311
317,7,7,5000,312
318,4,4,15000,313
319,1,1,28500,314
320,6,6,2000,315
321,2,2,3500,316
322,7,7,5000,317
323,4,4,15000,318
324,1,1,28500,319
325,6,6,2000,320
326,2,2,3500,321
327,7,7,5000,322
328,4,4,15000,323
329,1,1,28500,324
330,6,6,2000,325
331,2,2,3500,326
332,7,7,5000,327
333,4,4,15000,328
334,1,1,28500,329
335,6,6,2000,330
336,2,2,3500,331
337,7,7,5000,332
338,4,4,15000,333
339,1,1,28500,334
340,6,6,2000,335
341,2,2,3500,336
342,7,7,5000,337
343,4,4,15000,338
344,1,1,28500,339
345,6,6,2000,340
346,2,2,3500,341
347,7,7,5000,342
348,4,4,2000,343
349,1,1,3500,344
350,6,6,5000,345
351,2,2,15000,346
352,7,7,28500,347
353,4,4,2000,348
354,1,1,3500,349
355,6,6,5000,350
356,2,2,15000,351
357,7,7,28500,352
358,4,4,2000,353
359,1,1,3500,354
360,6,6,5000,355
361,2,2,15000,356
362,7,7,28500,357
363,4,4,2000,358
364,1,1,3500,359
365,6,6,5000,360
366,2,2,15000,361
367,7,7,28500,362
368,4,4,2000,363
369,1,1,3500,364
370,6,6,5000,365
371,2,2,15000,366
372,7,7,28500,367
373,4,4,2000,368
374,1,1,3500,369
375,6,6,5000,370
376,2,2,15000,371
377,7,7,28500,372
378,4,4,2000,373
379,1,1,3500,374
380,6,6,5000,375
381,2,2,15000,376
382,7,7,28500,377
383,4,4,2000,378
384,1,1,3500,379
385,6,6,5000,380
386,2,2,15000,381
387,7,7,28500,382
388,4,4,2000,383
389,1,1,3500,384
390,6,6,5000,385
391,2,2,15000,386
392,7,7,28500,387
393,4,4,2000,388
394,1,1,3500,389
395,6,6,5000,390
396,2,2,15000,391
397,7,7,28500,392
398,4,4,2000,393
399,1,1,3500,394
400,6,6,5000,395
401,2,2,15000,396
402,7,7,28500,397
403,4,4,2000,398
404,1,1,3500,399
405,6,6,5000,400
406,2,2,15000,401
407,7,7,28500,402
408,4,4,2000,403
409,1,1,3500,404
410,6,6,5000,405
411,2,2,15000,406
412,7,7,28500,407
413,4,4,2000,408
414,1,1,3500,409
415,6,6,5000,410
416,2,2,15000,411
417,7,7,28500,412
418,4,4,2000,413
419,1,1,3500,414
420,6,6,5000,415
421,2,2,15000,416
422,7,7,28500,417
423,4,4,2000,418
424,1,1,3500,419
425,6,6,5000,420
426,2,2,15000,421
427,7,7,28500,422
428,4,4,2000,423
429,1,1,3500,424
430,6,6,5000,425
431,2,2,15000,426
432,7,7,28500,427
433,4,4,2000,428
434,1,1,3500,429
435,6,6,5000,430
436,2,2,15000,431
437,7,7,28500,432
438,4,4,2000,433
439,1,1,3500,434
440,6,6,5000,435
441,2,2,15000,436
442,7,7,28500,437
443,4,4,2000,438
444,1,1,3500,439
445,6,6,5000,440
446,2,2,15000,441
447,7,7,28500,442
448,4,4,2000,443
449,1,1,3500,444
450,6,6,5000,445
451,2,2,15000,446
452,7,7,28500,447
453,4,4,2000,448
454,1,1,3500,449
455,6,6,5000,450
456,2,2,15000,451
457,7,7,28500,452
458,4,4,2000,453
459,1,1,3500,454
460,6,6,5000,455
461,2,2,15000,456
462,7,7,28500,457
463,4,4,2000,458
464,1,1,3500,459
465,6,6,5000,460
466,2,2,15000,461
467,7,7,28500,462
468,4,4,2000,463
469,1,1,3500,464
470,6,6,5000,465
471,2,2,15000,466
472,7,7,28500,467
473,4,4,2000,468
474,1,1,3500,469
475,6,6,5000,470
476,2,2,15000,471
477,7,7,28500,472
478,4,4,2000,473
479,1,1,3500,474
480,6,6,5000,475
481,2,2,15000,476
482,7,7,28500,477
483,4,4,2000,478
484,1,1,3500,479
485,6,6,5000,480
486,2,2,15000,481
487,7,7,28500,482
488,4,4,2000,483
489,1,1,3500,484
490,6,6,5000,485
491,2,2,15000,486
492,7,7,28500,487
493,4,4,2000,488
494,1,1,3500,489
495,6,6,5000,490
496,2,2,15000,491
497,7,7,28500,492
498,4,4,2000,493
499,1,1,3500,494
500,6,6,5000,495
501,2,2,15000,496
502,7,7,28500,497
503,4,4,2000,498
504,1,1,3500,499
505,6,6,5000,500
506,2,2,15000,501
507,7,7,28500,502
508,4,4,2000,503
509,1,1,3500,504
510,6,6,5000,505
511,2,2,15000,506
512,7,7,28500,507
513,4,4,2000,508
514,1,1,3500,509
515,6,6,5000,510
516,2,2,15000,511
517,7,7,28500,512
518,4,4,2000,513
519,1,1,3500,514
520,6,6,5000,515
521,2,2,15000,516
522,7,7,28500,517
523,4,4,2000,518
524,1,1,3500,519
525,6,6,5000,520
526,2,2,15000,521
527,7,7,2000,522
528,4,4,3500,523
529,1,1,5000,524
530,6,6,15000,525
531,2,2,28500,526
532,7,7,2000,527
533,4,4,3500,528
534,1,1,5000,529
535,6,6,15000,530
536,2,2,28500,531
537,7,7,2000,532
538,4,4,3500,533
539,1,1,5000,534
540,6,6,15000,535
541,2,2,28500,536
542,7,7,2000,537
543,4,4,3500,538
544,1,1,5000,539
545,6,6,15000,540
546,2,2,28500,541
547,7,7,2000,542
548,4,4,3500,543
549,1,1,5000,544
550,6,6,15000,545
551,2,2,28500,546
552,7,7,2000,547
553,4,4,3500,548
554,1,1,5000,549
555,6,6,15000,550
556,2,2,28500,551
557,7,7,2000,552
558,4,4,3500,553
559,1,1,5000,554
560,6,6,15000,555
561,2,2,28500,556
562,7,7,2000,557
563,4,4,3500,558
564,1,1,5000,559
565,6,6,15000,560
566,2,2,28500,561
567,7,7,2000,562
568,4,4,3500,563
569,1,1,5000,564
570,6,6,15000,565
571,2,2,28500,566
572,7,7,2000,567
573,4,4,3500,568
574,1,1,5000,569
575,6,6,15000,570
576,2,2,28500,571
577,7,7,2000,572
578,4,4,3500,573
579,1,1,5000,574
580,6,6,15000,575
581,2,2,28500,576
582,7,7,2000,577
583,4,4,3500,578
584,1,1,5000,579
585,6,6,15000,580
586,2,2,28500,581
587,7,7,2000,582
588,4,4,3500,583
589,1,1,5000,584
590,6,6,15000,585
591,2,2,28500,586
592,7,7,2000,587
593,4,4,3500,588
594,1,1,5000,589
595,6,6,15000,590
596,2,2,28500,591
597,7,7,2000,592
598,4,4,3500,593
599,1,1,5000,594
600,6,6,15000,595
601,2,2,28500,596
602,7,7,2000,597
603,4,4,3500,598
604,1,1,5000,599
605,6,6,15000,600
606,2,2,28500,601
607,7,7,2000,602
608,4,4,3500,603
609,1,1,5000,604
610,6,6,15000,605
611,2,2,28500,606
612,7,7,2000,607
613,4,4,3500,608
614,1,1,5000,609
615,6,6,15000,610
616,2,2,28500,611
617,7,7,2000,612
618,4,4,3500,613
619,1,1,5000,614
620,6,6,15000,615
621,2,2,28500,616
622,7,7,2000,617
623,4,4,3500,618
624,1,1,5000,619
625,6,6,15000,620
626,2,2,28500,621
627,7,7,2000,622
628,4,4,3500,623
629,1,1,5000,624
630,6,6,15000,625
631,2,2,28500,626
632,7,7,2000,627
633,4,4,3500,628
634,1,1,5000,629
635,6,6,15000,630
636,2,2,28500,631
637,7,7,2000,632
638,4,4,3500,633
639,1,1,5000,634
640,6,6,15000,635
641,2,2,28500,636
642,7,7,2000,637
643,4,4,3500,638
644,1,1,5000,639
645,6,6,15000,640
646,2,2,28500,641
647,7,7,2000,642
648,4,4,3500,643
649,1,1,5000,644
650,6,6,15000,645
651,2,2,28500,646
652,7,7,2000,647
653,4,4,3500,648
654,1,1,5000,649
655,6,6,15000,650
656,2,2,28500,651
657,7,7,2000,652
658,4,4,3500,653
659,1,1,5000,654
660,6,6,15000,655
661,2,2,28500,656
662,7,7,2000,657
663,4,4,3500,658
664,1,1,5000,659
665,6,6,15000,660
666,2,2,28500,661
667,7,7,2000,662
668,4,4,3500,663
669,1,1,5000,664
670,6,6,15000,665
671,2,2,28500,666
672,7,7,2000,667
673,4,4,3500,668
674,1,1,5000,669
675,6,6,15000,670
676,2,2,28500,671
677,7,7,2000,672
678,4,4,3500,673
679,1,1,5000,674
680,6,6,15000,675
681,2,2,28500,676
682,7,7,2000,677
683,4,4,3500,678
684,1,1,5000,679
685,6,6,15000,680
686,2,2,28500,681
687,7,7,2000,682
688,4,4,3500,683
689,1,1,5000,684
690,6,6,15000,685
691,2,2,28500,686
692,7,7,2000,687
693,4,4,3500,688
694,1,1,5000,689
695,6,6,15000,690
696,2,2,28500,691
697,7,7,2000,692
698,4,4,3500,693
699,1,1,5000,694
700,6,6,15000,695
701,2,2,28500,696
702,7,7,2000,697
703,4,4,3500,698
704,1,1,5000,699
705,6,6,15000,700
706,2,2,28500,701
707,7,7,2000,702
708,4,4,3500,703
709,1,1,5000,704
710,6,6,15000,705
711,2,2,28500,706
712,7,7,2000,707
713,4,4,3500,708
714,1,1,5000,709
715,6,6,15000,710
716,2,2,28500,711
717,7,7,2000,712
718,4,4,3500,713
719,1,1,5000,714
720,6,6,15000,715
721,2,2,28500,716
722,7,7,2000,717
723,4,4,3500,718
724,1,1,5000,719
725,6,6,15000,720
726,2,2,28500,721
727,7,7,2000,722
728,4,4,3500,723
729,1,1,5000,724
730,6,6,15000,725
731,2,2,28500,726
732,7,7,2000,727
733,4,4,3500,728
734,1,1,5000,729
735,6,6,15000,730
736,2,2,28500,731
737,7,7,2000,732
738,4,4,3500,733
739,1,1,5000,734
740,6,6,15000,735
741,2,2,28500,736
742,7,7,2000,737
743,4,4,3500,738
744,1,1,5000,739
745,6,6,15000,740
746,2,2,28500,741
747,7,7,2000,742
748,4,4,3500,743
749,1,1,5000,744
750,6,6,15000,745
751,2,2,28500,746
752,7,7,2000,747
753,4,4,3500,748
754,1,1,5000,749
755,6,6,15000,750
756,2,2,28500,751
757,7,7,2000,752
758,4,4,3500,753
759,1,1,5000,754
760,6,6,15000,755
761,2,2,28500,756
762,7,7,2000,757
763,4,4,3500,758
764,1,1,5000,759
765,6,6,15000,760
766,2,2,28500,761
767,7,7,2000,762
768,4,4,3500,763
769,1,1,5000,764
770,6,6,15000,765
771,2,2,28500,766
772,7,7,2000,767
773,4,4,3500,768
774,1,1,5000,769
775,6,6,15000,770
776,2,2,28500,771
777,7,7,2000,772
778,4,4,3500,773
779,1,1,5000,774
780,6,6,15000,775
781,2,2,28500,776
782,7,7,2000,777
783,4,4,3500,778
784,1,1,5000,779
785,6,6,15000,780
786,2,2,28500,781
787,7,7,2000,782
788,4,4,3500,783
789,1,1,5000,784
790,6,6,15000,785
791,2,2,28500,786
792,7,7,2000,787
793,4,4,3500,788
794,1,1,5000,789
795,6,6,15000,790
796,2,2,28500,791
797,7,7,2000,792
798,4,4,3500,793
799,1,1,5000,794
800,6,6,15000,795
801,2,2,28500,796
802,7,7,2000,797
803,4,4,3500,798
804,1,1,5000,799
805,6,6,15000,800
806,2,2,28500,801
807,7,7,2000,802
808,4,4,3500,803
809,1,1,5000,804
810,6,6,15000,805
811,2,2,28500,806
812,7,7,2000,807
813,4,4,3500,808
814,1,1,5000,809
815,6,6,15000,810
816,2,2,28500,811
817,7,7,2000,812
818,4,4,3500,813
819,1,1,5000,814
820,6,6,15000,815
821,2,2,28500,816
822,7,7,2000,817
823,4,4,3500,818
824,1,1,5000,819
825,6,6,15000,820
826,2,2,28500,821
827,7,7,2000,822
828,4,4,3500,823
829,1,1,5000,824
830,6,6,15000,825
831,2,2,28500,826
832,7,7,2000,827
833,4,4,3500,828
834,1,1,5000,829
835,6,6,15000,830
836,2,2,28500,831
837,7,7,2000,832
838,4,4,3500,833
839,1,1,5000,834
840,6,6,15000,835
841,2,2,28500,836
842,7,7,2000,837
843,4,4,3500,838
844,1,1,5000,839
845,6,6,15000,840
846,2,2,28500,841
847,7,7,2000,842
848,4,4,3500,843
849,1,1,5000,844
850,6,6,15000,845
851,2,2,28500,846
852,7,7,2000,847
853,4,4,3500,848
854,1,1,5000,849
855,6,6,15000,850
856,2,2,28500,851
857,7,7,2000,852
858,4,4,3500,853
859,1,1,5000,854
860,6,6,15000,855
861,2,2,28500,856
862,7,7,2000,857
863,4,4,3500,858
864,1,1,5000,859
865,6,6,15000,860
866,2,2,28500,861
867,7,7,2000,862
868,4,4,3500,863
869,1,1,5000,864
870,6,6,15000,865
871,2,2,28500,866
872,7,7,2000,867
873,4,4,3500,868
874,1,1,5000,869
875,6,6,15000,870
876,2,2,28500,871
877,7,7,2000,872
878,4,4,3500,873
879,1,1,5000,874
880,6,6,15000,875
881,2,2,28500,876
882,7,7,2000,877
883,4,4,3500,878
884,1,1,5000,879
885,6,6,15000,880
886,2,2,2000,881
887,7,7,3500,882
888,4,4,5000,883
889,1,1,15000,884
890,6,6,28500,885
891,2,2,2000,886
892,7,7,3500,887
893,4,4,5000,888
894,1,1,15000,889
895,6,6,28500,890
896,2,2,2000,891
897,7,7,3500,892
898,4,4,5000,893
899,1,1,15000,894
900,6,6,28500,895
901,2,2,2000,896
902,7,7,3500,897
903,4,4,5000,898
904,1,1,15000,899
905,6,6,28500,900
906,2,2,2000,901
907,7,7,3500,902
908,4,4,5000,903
909,1,1,15000,904
910,6,6,28500,905
911,2,2,2000,906
912,7,7,3500,907
913,4,4,5000,908
914,1,1,15000,909
915,6,6,28500,910
916,2,2,2000,911
917,7,7,3500,912
918,4,4,5000,913
919,1,1,15000,914
920,6,6,28500,915
921,2,2,2000,916
922,7,7,3500,917
923,4,4,5000,918
924,1,1,15000,919
925,6,6,28500,920
926,2,2,2000,921
927,7,7,3500,922
928,4,4,5000,923
929,1,1,15000,924
930,6,6,28500,925
931,2,2,2000,926
932,7,7,3500,927
933,4,4,5000,928
934,1,1,15000,929
935,6,6,28500,930
936,2,2,2000,931
937,7,7,3500,932
938,4,4,5000,933
939,1,1,15000,934
940,6,6,28500,935
941,2,2,2000,936
942,7,7,3500,937
943,4,4,5000,938
944,1,1,15000,939
945,6,6,28500,940
946,2,2,2000,941
947,7,7,3500,942
948,4,4,5000,943
949,1,1,15000,944
950,6,6,28500,945
951,2,2,2000,946
952,7,7,3500,947
953,4,4,5000,948
954,1,1,15000,949
955,6,6,28500,950
956,2,2,2000,951
957,7,7,3500,952
958,4,4,5000,953
959,1,1,15000,954
960,6,6,28500,955
961,2,2,2000,956
962,7,7,3500,957
963,4,4,5000,958
964,1,1,15000,959
965,6,6,28500,960
966,2,2,2000,961
967,7,7,3500,962
968,4,4,5000,963
969,1,1,15000,964
970,6,6,28500,965
971,2,2,2000,966
972,7,7,3500,967
973,4,4,5000,968
974,1,1,15000,969
975,6,6,28500,970
976,2,2,2000,971
977,7,7,3500,972
978,4,4,5000,973
979,1,1,15000,974
980,6,6,28500,975
981,2,2,2000,976
982,7,7,3500,977
983,4,4,5000,978
984,1,1,15000,979
985,6,6,28500,980
986,2,2,2000,981
987,7,7,3500,982
988,4,4,5000,983
989,1,1,15000,984
990,6,6,28500,985
991,2,2,2000,986
992,7,7,3500,987
993,4,4,5000,988
994,1,1,15000,989
995,6,6,28500,990
996,2,2,2000,991
997,7,7,3500,992
998,4,4,5000,993
999,1,1,15000,994
1000,6,6,28500,995
1001,2,2,2000,996
1002,7,7,3500,997
1003,4,4,5000,998
1004,1,1,15000,999
1005,6,6,28500,1000
1006,2,2,2000,1001
1007,7,7,3500,1002
1008,4,4,5000,1003
1009,1,1,15000,1004
1010,6,6,28500,1005
1011,2,2,2000,1006
1012,7,7,3500,1007
1013,4,4,5000,1008
1014,1,1,15000,1009
1015,6,6,28500,1010
1016,2,2,2000,1011
1017,7,7,3500,1012
1018,4,4,5000,1013
1019,1,1,15000,1014
1020,6,6,28500,1015
1021,2,2,2000,1016
1022,7,7,3500,1017
1023,4,4,5000,1018
1024,1,1,15000,1019
1025,6,6,28500,1020
1026,2,2,2000,1021
1027,7,7,3500,1022
1028,4,4,5000,1023
1029,1,1,15000,1024
1030,6,6,28500,1025
1031,2,2,2000,1026
1032,7,7,3500,1027
1033,4,4,5000,1028
1034,1,1,15000,1029
1035,6,6,28500,1030
1036,2,2,2000,1031
1037,7,7,3500,1032
1038,4,4,5000,1033
1039,1,1,15000,1034
1040,6,6,28500,1035
1041,2,2,2000,1036
1042,7,7,3500,1037
1043,4,4,5000,1038
1044,1,1,15000,1039
1045,6,6,28500,1040
1046,2,2,2000,1041
1047,7,7,3500,1042
1048,4,4,5000,1043
1049,1,1,15000,1044
1050,6,6,28500,1045
1051,2,2,2000,1046
1052,7,7,3500,1047
1053,4,4,5000,1048
1054,1,1,2000,1049
1055,6,6,3500,1050
1056,2,2,5000,1051
1057,7,7,15000,1052
1058,4,4,28500,1053
1059,1,1,2000,1054
1060,6,6,3500,1055
1061,2,2,5000,1056
1062,7,7,15000,1057
1063,4,4,28500,1058
1064,1,1,2000,1059
1065,6,6,3500,1060
1066,2,2,5000,1061
1067,7,7,15000,1062
1068,4,4,28500,1063
1069,1,1,2000,1064
1070,6,6,3500,1065
1071,2,2,5000,1066
1072,7,7,15000,1067
1073,4,4,28500,1068
1074,1,1,2000,1069
1075,6,6,3500,1070
1076,2,2,5000,1071
1077,7,7,15000,1072
1078,4,4,28500,1073
1079,1,1,2000,1074
1080,6,6,3500,1075
1081,2,2,5000,1076
1082,7,7,15000,1077
1083,4,4,28500,1078
1084,1,1,2000,1079
1085,6,6,3500,1080
1086,2,2,5000,1081
1087,7,7,15000,1082
1088,4,4,28500,1083
1089,1,1,2000,1084
1090,6,6,3500,1085
1091,2,2,5000,1086
1092,7,7,15000,1087
1093,4,4,28500,1088
1094,1,1,2000,1089
1095,6,6,3500,1090
1096,2,2,5000,1091
1097,7,7,15000,1092
1098,4,4,28500,1093
1099,1,1,2000,1094
1100,6,6,3500,1095
1101,2,2,5000,1096
1102,7,7,15000,1097
1103,4,4,28500,1098
1104,1,1,2000,1099
1105,6,6,3500,1100
1106,2,2,5000,1101
1107,7,7,15000,1102
1108,4,4,28500,1103
1109,1,1,2000,1104
1110,6,6,3500,1105
1111,2,2,5000,1106
1112,7,7,15000,1107
1113,4,4,28500,1108
1114,1,1,2000,1109
1115,6,6,3500,1110
1116,2,2,5000,1111
1117,7,7,15000,1112
1118,4,4,28500,1113
1119,1,1,2000,1114
1120,6,6,3500,1115
1121,2,2,5000,1116
1122,7,7,15000,1117
1123,4,4,28500,1118
1124,1,1,2000,1119
1125,6,6,3500,1120
1126,2,2,5000,1121
1127,7,7,15000,1122
1128,4,4,28500,1123
1129,1,1,2000,1124
1130,6,6,3500,1125
1131,2,2,5000,1126
1132,7,7,15000,1127
1133,4,4,28500,1128
1134,1,1,2000,1129
1135,6,6,3500,1130
1136,2,2,5000,1131
1137,7,7,15000,1132
1138,4,4,28500,1133
1139,1,1,2000,1134
1140,6,6,3500,1135
1141,2,2,5000,1136
1142,7,7,15000,1137
1143,4,4,28500,1138
1144,1,1,2000,1139
1145,6,6,3500,1140
1146,2,2,5000,1141
1147,7,7,15000,1142
1148,4,4,28500,1143
1149,1,1,2000,1144
1150,6,6,3500,1145
1151,2,2,5000,1146
1152,7,7,15000,1147
1153,4,4,28500,1148
1154,1,1,2000,1149
1155,6,6,3500,1150
1156,2,2,5000,1151
1157,7,7,15000,1152
1158,4,4,28500,1153
1159,1,1,2000,1154
1160,6,6,3500,1155
1161,2,2,5000,1156
1162,7,7,15000,1157
1163,4,4,28500,1158
1164,1,1,2000,1159
1165,6,6,3500,1160
1166,2,2,5000,1161
1167,7,7,15000,1162
1168,4,4,28500,1163
1169,1,1,2000,1164
1170,6,6,3500,1165
1171,2,2,5000,1166
1172,7,7,15000,1167
1173,4,4,28500,1168
1174,1,1,2000,1169
1175,6,6,3500,1170
1176,2,2,5000,1171
1177,7,7,15000,1172
1178,4,4,28500,1173
1179,1,1,2000,1174
1180,6,6,3500,1175
1181,2,2,5000,1176
1182,7,7,15000,1177
1183,4,4,28500,1178
1184,1,1,2000,1179
1185,6,6,3500,1180
1186,2,2,5000,1181
1187,7,7,15000,1182
1188,4,4,28500,1183
1189,1,1,2000,1184
1190,6,6,3500,1185
1191,2,2,5000,1186
1192,7,7,15000,1187
1193,4,4,28500,1188
1194,1,1,2000,1189
1195,6,6,3500,1190
1196,2,2,5000,1191
1197,7,7,15000,1192
1198,4,4,28500,1193
1199,1,1,2000,1194
1200,6,6,3500,1195
1201,2,2,5000,1196
1202,7,7,15000,1197
1203,4,4,28500,1198
1204,1,1,2000,1199
1205,6,6,3500,1200
1206,2,2,5000,1201
1207,7,7,15000,1202
1208,4,4,28500,1203
1209,1,1,2000,1204
1210,6,6,3500,1205
1211,2,2,5000,1206
1212,7,7,15000,1207
1213,4,4,28500,1208
1214,1,1,2000,1209
1215,6,6,3500,1210
1216,2,2,5000,1211
1217,7,7,15000,1212
1218,4,4,28500,1213
1219,1,1,2000,1214
1220,6,6,3500,1215
1221,2,2,5000,1216
1222,7,7,15000,1217
1223,4,4,28500,1218
1224,1,1,2000,1219
1225,6,6,3500,1220
1226,2,2,5000,1221
1227,7,7,15000,1222
1228,4,4,28500,1223
1229,1,1,2000,1224
1230,6,6,3500,1225
1231,2,2,5000,1226
1232,7,7,15000,1227
1233,4,4,2000,1228
1234,1,1,3500,1229
1235,6,6,5000,1230
1236,2,2,15000,1231
1237,7,7,28500,1232
1238,4,4,2000,1233
1239,1,1,3500,1234
1240,6,6,5000,1235
1241,2,2,15000,1236
1242,7,7,28500,1237
1243,4,4,2000,1238
1244,1,1,3500,1239
1245,6,6,5000,1240
1246,2,2,15000,1241
1247,7,7,28500,1242
1248,4,4,2000,1243
1249,1,1,3500,1244
1250,6,6,5000,1245
1251,2,2,15000,1246
1252,7,7,28500,1247
1253,4,4,2000,1248
1254,1,1,3500,1249
1255,6,6,5000,1250
1256,2,2,15000,1251
1257,7,7,28500,1252
1258,4,4,2000,1253
1259,1,1,3500,1254
1260,6,6,5000,1255
1261,2,2,15000,1256
1262,7,7,28500,1257
1263,4,4,2000,1258
1264,1,1,3500,1259
1265,6,6,5000,1260
1266,2,2,15000,1261
1267,7,7,28500,1262
1268,4,4,2000,1263
1269,1,1,3500,1264
1270,6,6,5000,1265
1271,2,2,15000,1266
1272,7,7,28500,1267
1273,4,4,2000,1268
1274,1,1,3500,1269
1275,6,6,5000,1270
1276,2,2,15000,1271
1277,7,7,28500,1272
1278,4,4,2000,1273
1279,1,1,3500,1274
1280,6,6,5000,1275
1281,2,2,15000,1276
1282,7,7,28500,1277
1283,4,4,2000,1278
1284,1,1,3500,1279
1285,6,6,5000,1280
1286,2,2,15000,1281
1287,7,7,28500,1282
1288,4,4,2000,1283
1289,1,1,3500,1284
1290,6,6,5000,1285
1291,2,2,15000,1286
1292,7,7,28500,1287
1293,4,4,2000,1288
1294,1,1,3500,1289
1295,6,6,5000,1290
1296,2,2,15000,1291
1297,7,7,28500,1292
1298,4,4,2000,1293
1299,1,1,3500,1294
1300,6,6,5000,1295
1301,2,2,15000,1296
1302,7,7,28500,1297
1303,4,4,2000,1298
1304,1,1,3500,1299
1305,6,6,5000,1300
1306,2,2,15000,1301
1307,7,7,28500,1302
1308,4,4,2000,1303
1309,1,1,3500,1304
1310,6,6,5000,1305
1311,2,2,15000,1306
1312,7,7,28500,1307
1313,4,4,2000,1308
1314,1,1,3500,1309
1315,6,6,5000,1310
1316,2,2,15000,1311
1317,7,7,28500,1312
1318,4,4,2000,1313
1319,1,1,3500,1314
1320,6,6,5000,1315
1321,2,2,15000,1316
1322,7,7,28500,1317
1323,4,4,2000,1318
1324,1,1,3500,1319
1325,6,6,5000,1320
1326,2,2,15000,1321
1327,7,7,28500,1322
1328,4,4,2000,1323
1329,1,1,3500,1324
1330,6,6,5000,1325
1331,2,2,15000,1326
1332,7,7,28500,1327
1333,4,4,2000,1328
1334,1,1,3500,1329
1335,6,6,5000,1330
1336,2,2,15000,1331
1337,7,7,28500,1332
1338,4,4,2000,1333
1339,1,1,3500,1334
1340,6,6,5000,1335
1341,2,2,15000,1336
1342,7,7,28500,1337
1343,4,4,2000,1338
1344,1,1,3500,1339
1345,6,6,5000,1340
1346,2,2,15000,1341
1347,7,7,28500,1342
1348,4,4,2000,1343
1349,1,1,3500,1344
1350,6,6,5000,1345
1351,2,2,15000,1346
1352,7,7,28500,1347
1353,4,4,2000,1348
1354,1,1,3500,1349
1355,6,6,5000,1350
1356,2,2,15000,1351
1357,7,7,28500,1352
1358,4,4,2000,1353
1359,1,1,3500,1354
1360,6,6,5000,1355
1361,2,2,15000,1356
1362,7,7,28500,1357
1363,4,4,2000,1358
1364,1,1,3500,1359
1365,6,6,5000,1360
1366,2,2,15000,1361
1367,7,7,28500,1362
1368,4,4,2000,1363
1369,1,1,3500,1364
1370,6,6,5000,1365
1371,2,2,15000,1366
1372,7,7,28500,1367
1373,4,4,2000,1368
1374,1,1,3500,1369
1375,6,6,5000,1370
1376,2,2,15000,1371
1377,7,7,28500,1372
1378,4,4,2000,1373
1379,1,1,3500,1374
1380,6,6,5000,1375
1381,2,2,15000,1376
1382,7,7,28500,1377
1383,4,4,2000,1378
1384,1,1,3500,1379
1385,6,6,2000,1380
1386,2,2,3500,1381
1387,7,7,5000,1382
1388,4,4,15000,1383
1389,1,1,28500,1384
1390,6,6,2000,1385
1391,2,2,3500,1386
1392,7,7,5000,1387
1393,4,4,15000,1388
1394,1,1,28500,1389
1395,6,6,2000,1390
1396,2,2,3500,1391
1397,7,7,5000,1392
1398,4,4,15000,1393
1399,1,1,28500,1394
1400,6,6,2000,1395
1401,2,2,3500,1396
1402,7,7,5000,1397
1403,4,4,15000,1398
1404,1,1,28500,1399
1405,6,6,2000,1400
1406,2,2,3500,1401
1407,7,7,5000,1402
1408,4,4,15000,1403
1409,1,1,28500,1404
1410,6,6,2000,1405
1411,2,2,3500,1406
1412,7,7,5000,1407
1413,4,4,15000,1408
1414,1,1,28500,1409
1415,6,6,2000,1410
1416,2,2,3500,1411
1417,7,7,5000,1412
1418,4,4,15000,1413
1419,1,1,28500,1414
1420,6,6,2000,1415
1421,2,2,3500,1416
1422,7,7,5000,1417
1423,4,4,15000,1418
1424,1,1,28500,1419
1425,6,6,2000,1420
1426,2,2,3500,1421
1427,7,7,5000,1422
1428,4,4,15000,1423
1429,1,1,28500,1424
1430,6,6,2000,1425
1431,2,2,3500,1426
1432,7,7,5000,1427
1433,4,4,15000,1428
1434,1,1,28500,1429
1435,6,6,2000,1430
1436,2,2,3500,1431
1437,7,7,5000,1432
1438,4,4,15000,1433
1439,1,1,28500,1434
1440,6,6,2000,1435
1441,2,2,3500,1436
1442,7,7,5000,1437
1443,4,4,15000,1438
1444,1,1,28500,1439
1445,6,6,2000,1440
1446,2,2,3500,1441
1447,7,7,5000,1442
1448,4,4,15000,1443
1449,1,1,28500,1444
1450,6,6,2000,1445
1451,2,2,3500,1446
1452,7,7,5000,1447
1453,4,4,15000,1448
1454,1,1,28500,1449
1455,6,6,2000,1450
1456,2,2,3500,1451
1457,7,7,5000,1452
1458,4,4,15000,1453
1459,1,1,28500,1454
1460,6,6,2000,1455
1461,2,2,3500,1456
1462,7,7,5000,1457
1463,4,4,15000,1458
1464,1,1,28500,1459
1465,6,6,2000,1460
1466,2,2,3500,1461
1467,7,7,5000,1462
1468,4,4,15000,1463
1469,1,1,28500,1464
1470,6,6,2000,1465
1471,2,2,3500,1466
1472,7,7,5000,1467
1473,4,4,15000,1468
1474,1,1,28500,1469
1475,6,6,2000,1470
1476,2,2,3500,1471
1477,7,7,5000,1472
1478,4,4,15000,1473
1479,1,1,28500,1474
1480,6,6,2000,1475
1481,2,2,3500,1476
1482,7,7,5000,1477
1483,4,4,15000,1478
1484,1,1,28500,1479
1485,6,6,2000,1480
1486,2,2,3500,1481
1487,7,7,5000,1482
1488,4,4,15000,1483
1489,1,1,28500,1484
1490,6,6,2000,1485
1491,2,2,3500,1486
1492,7,7,5000,1487
1493,4,4,15000,1488
1494,1,1,28500,1489
1495,6,6,2000,1490
1496,2,2,3500,1491
1497,7,7,5000,1492
1498,4,4,15000,1493
1499,1,1,28500,1494
1500,6,6,2000,1495
1501,2,2,3500,1496
1502,7,7,5000,1497
1503,4,4,15000,1498
1504,1,1,28500,1499
1505,6,6,2000,1500
1506,2,2,3500,1501
1507,7,7,5000,1502
1508,4,4,15000,1503
1509,1,1,28500,1504
1510,6,6,2000,1505
1511,2,2,3500,1506
1512,7,7,5000,1507
1513,4,4,15000,1508
1514,1,1,28500,1509
1515,6,6,2000,1510
1516,2,2,3500,1511
1517,7,7,5000,1512
1518,4,4,15000,1513
1519,1,1,28500,1514
1520,6,6,2000,1515
1521,2,2,3500,1516
1522,7,7,5000,1517
1523,4,4,15000,1518
1524,1,1,28500,1519
1525,6,6,2000,1520
1526,2,2,3500,1521
1527,7,7,5000,1522
1528,4,4,15000,1523
1529,1,1,28500,1524
1530,6,6,2000,1525
1531,2,2,3500,1526
1532,7,7,5000,1527
1533,4,4,15000,1528
1534,1,1,28500,1529
1535,6,6,2000,1530
1536,2,2,3500,1531
1537,7,7,5000,1532
1538,4,4,15000,1533
1539,1,1,28500,1534
1540,6,6,2000,1535
1541,2,2,3500,1536
1542,7,7,5000,1537
1543,4,4,15000,1538
1544,1,1,28500,1539
1545,6,6,2000,1540
1546,2,2,3500,1541
1547,7,7,5000,1542
1548,4,4,15000,1543
1549,1,1,28500,1544
1550,6,6,2000,1545
1551,2,2,3500,1546
1552,7,7,5000,1547
1553,4,4,15000,1548
1554,1,1,28500,1549
1555,6,6,2000,1550
1556,2,2,3500,1551
1557,7,7,5000,1552
1558,4,4,15000,1553
1559,1,1,28500,1554
1560,6,6,2000,1555
1561,2,2,3500,1556
1562,7,7,5000,1557
1563,4,4,15000,1558
1564,1,1,2000,1559
1565,6,6,3500,1560
1566,2,2,5000,1561
1567,7,7,15000,1562
1568,4,4,28500,1563
1569,1,1,2000,1564
1570,6,6,3500,1565
1571,2,2,5000,1566
1572,7,7,15000,1567
1573,4,4,28500,1568
1574,1,1,2000,1569
1575,6,6,3500,1570
1576,2,2,5000,1571
1577,7,7,15000,1572
1578,4,4,28500,1573
1579,1,1,2000,1574
1580,6,6,3500,1575
1581,2,2,5000,1576
1582,7,7,15000,1577
1583,4,4,28500,1578
1584,1,1,2000,1579
1585,6,6,3500,1580
1586,2,2,5000,1581
1587,7,7,15000,1582
1588,4,4,28500,1583
1589,1,1,2000,1584
1590,6,6,3500,1585
1591,2,2,5000,1586
1592,7,7,15000,1587
1593,4,4,28500,1588
1594,1,1,2000,1589
1595,6,6,3500,1590
1596,2,2,5000,1591
1597,7,7,15000,1592
1598,4,4,28500,1593
1599,1,1,2000,1594
1600,6,6,3500,1595
1601,2,2,5000,1596
1602,7,7,15000,1597
1603,4,4,28500,1598
1604,1,1,2000,1599
1605,6,6,3500,1600
1606,2,2,5000,1601
1607,7,7,15000,1602
1608,4,4,28500,1603
1609,1,1,2000,1604
1610,6,6,3500,1605
1611,2,2,5000,1606
1612,7,7,15000,1607
1613,4,4,28500,1608
1614,1,1,2000,1609
1615,6,6,3500,1610
1616,2,2,5000,1611
1617,7,7,15000,1612
1618,4,4,28500,1613
1619,1,1,2000,1614
1620,6,6,3500,1615
1621,2,2,5000,1616
1622,7,7,15000,1617
1623,4,4,28500,1618
1624,1,1,2000,1619
1625,6,6,3500,1620
1626,2,2,5000,1621
1627,7,7,15000,1622
1628,4,4,28500,1623
1629,1,1,2000,1624
1630,6,6,3500,1625
1631,2,2,5000,1626
1632,7,7,15000,1627
1633,4,4,28500,1628
1634,1,1,2000,1629
1635,6,6,3500,1630
1636,2,2,5000,1631
1637,7,7,15000,1632
1638,4,4,28500,1633
1639,1,1,2000,1634
1640,6,6,3500,1635
1641,2,2,5000,1636
1642,7,7,15000,1637
1643,4,4,28500,1638
1644,1,1,2000,1639
1645,6,6,3500,1640
1646,2,2,5000,1641
1647,7,7,15000,1642
1648,4,4,28500,1643
1649,1,1,2000,1644
1650,6,6,3500,1645
1651,2,2,5000,1646
1652,7,7,15000,1647
1653,4,4,28500,1648
1654,1,1,2000,1649
1655,6,6,3500,1650
1656,2,2,5000,1651
1657,7,7,15000,1652
1658,4,4,28500,1653
1659,1,1,2000,1654
1660,6,6,3500,1655
1661,2,2,5000,1656
1662,7,7,15000,1657
1663,4,4,28500,1658
1664,1,1,2000,1659
1665,6,6,3500,1660
1666,2,2,5000,1661
1667,7,7,15000,1662
1668,4,4,28500,1663
1669,1,1,2000,1664
1670,6,6,3500,1665
1671,2,2,5000,1666
1672,7,7,15000,1667
1673,4,4,28500,1668
1674,1,1,2000,1669
1675,6,6,3500,1670
1676,2,2,5000,1671
1677,7,7,15000,1672
1678,4,4,28500,1673
1679,1,1,2000,1674
1680,6,6,3500,1675
1681,2,2,5000,1676
1682,7,7,15000,1677
1683,4,4,28500,1678
1684,1,1,2000,1679
1685,6,6,3500,1680
1686,2,2,5000,1681
1687,7,7,15000,1682
1688,4,4,28500,1683
1689,1,1,2000,1684
1690,6,6,3500,1685
1691,2,2,5000,1686
1692,7,7,15000,1687
1693,4,4,28500,1688
1694,1,1,2000,1689
1695,6,6,3500,1690
1696,2,2,5000,1691
1697,7,7,15000,1692
1698,4,4,28500,1693
1699,1,1,2000,1694
1700,6,6,3500,1695
1701,2,2,5000,1696
1702,7,7,15000,1697
1703,4,4,28500,1698
1704,1,1,2000,1699
1705,6,6,3500,1700
1706,2,2,5000,1701
1707,7,7,15000,1702
1708,4,4,28500,1703
1709,1,1,2000,1704
1710,6,6,3500,1705
1711,2,2,5000,1706
1712,7,7,15000,1707
1713,4,4,28500,1708
1714,1,1,2000,1709
1715,6,6,3500,1710
1716,2,2,5000,1711
1717,7,7,15000,1712
1718,4,4,28500,1713
1719,1,1,2000,1714
1720,6,6,3500,1715
1721,2,2,5000,1716
1722,7,7,15000,1717
1723,4,4,28500,1718
1724,1,1,2000,1719
1725,6,6,3500,1720
1726,2,2,5000,1721
1727,7,7,15000,1722
1728,4,4,28500,1723
1729,1,1,2000,1724
1730,6,6,3500,1725
1731,2,2,5000,1726
1732,7,7,2000,1727
1733,4,4,3500,1728
1734,1,1,5000,1729
1735,6,6,15000,1730
1736,2,2,28500,1731
1737,7,7,2000,1732
1738,4,4,3500,1733
1739,1,1,5000,1734
1740,6,6,15000,1735
1741,2,2,28500,1736
1742,7,7,2000,1737
1743,4,4,3500,1738
1744,1,1,5000,1739
1745,6,6,15000,1740
1746,2,2,28500,1741
1747,7,7,2000,1742
1748,4,4,3500,1743
1749,1,1,5000,1744
1750,6,6,15000,1745
1751,2,2,28500,1746
1752,7,7,2000,1747
1753,4,4,3500,1748
1754,1,1,5000,1749
1755,6,6,15000,1750
1756,2,2,28500,1751
1757,7,7,2000,1752
1758,4,4,3500,1753
1759,1,1,5000,1754
1760,6,6,15000,1755
1761,2,2,28500,1756
1762,7,7,2000,1757
1763,4,4,3500,1758
1764,1,1,5000,1759
1765,6,6,15000,1760
1766,2,2,28500,1761
1767,7,7,2000,1762
1768,4,4,3500,1763
1769,1,1,5000,1764
1770,6,6,15000,1765
1771,2,2,28500,1766
1772,7,7,2000,1767
1773,4,4,3500,1768
1774,1,1,5000,1769
1775,6,6,15000,1770
1776,2,2,28500,1771
1777,7,7,2000,1772
1778,4,4,3500,1773
1779,1,1,5000,1774
1780,6,6,15000,1775
1781,2,2,28500,1776
1782,7,7,2000,1777
1783,4,4,3500,1778
1784,1,1,5000,1779
1785,6,6,15000,1780
1786,2,2,28500,1781
1787,7,7,2000,1782
1788,4,4,3500,1783
1789,1,1,5000,1784
1790,6,6,15000,1785
1791,2,2,28500,1786
1792,7,7,2000,1787
1793,4,4,3500,1788
1794,1,1,5000,1789
1795,6,6,15000,1790
1796,2,2,28500,1791
1797,7,7,2000,1792
1798,4,4,3500,1793
1799,1,1,5000,1794
1800,6,6,15000,1795
1801,2,2,28500,1796
1802,7,7,2000,1797
1803,4,4,3500,1798
1804,1,1,5000,1799
1805,6,6,15000,1800
1806,2,2,28500,1801
1807,7,7,2000,1802
1808,4,4,3500,1803
1809,1,1,5000,1804
1810,6,6,15000,1805
1811,2,2,28500,1806
1812,7,7,2000,1807
1813,4,4,3500,1808
1814,1,1,5000,1809
1815,6,6,15000,1810
1816,2,2,28500,1811
1817,7,7,2000,1812
1818,4,4,3500,1813
1819,1,1,5000,1814
1820,6,6,15000,1815
1821,2,2,28500,1816
1822,7,7,2000,1817
1823,4,4,3500,1818
1824,1,1,5000,1819
1825,6,6,15000,1820
1826,2,2,28500,1821
1827,7,7,2000,1822
1828,4,4,3500,1823
1829,1,1,5000,1824
1830,6,6,15000,1825
1831,2,2,28500,1826
1832,7,7,2000,1827
1833,4,4,3500,1828
1834,1,1,5000,1829
1835,6,6,15000,1830
1836,2,2,28500,1831
1837,7,7,2000,1832
1838,4,4,3500,1833
1839,1,1,5000,1834
1840,6,6,15000,1835
1841,2,2,28500,1836
1842,7,7,2000,1837
1843,4,4,3500,1838
1844,1,1,5000,1839
1845,6,6,15000,1840
1846,2,2,28500,1841
1847,7,7,2000,1842
1848,4,4,3500,1843
1849,1,1,5000,1844
1850,6,6,15000,1845
1851,2,2,28500,1846
1852,7,7,2000,1847
1853,4,4,3500,1848
1854,1,1,5000,1849
1855,6,6,15000,1850
1856,2,2,28500,1851
1857,7,7,2000,1852
1858,4,4,3500,1853
1859,1,1,5000,1854
1860,6,6,15000,1855
1861,2,2,28500,1856
1862,7,7,2000,1857
1863,4,4,3500,1858
1864,1,1,5000,1859
1865,6,6,15000,1860
1866,2,2,28500,1861
1867,7,7,2000,1862
1868,4,4,3500,1863
1869,1,1,5000,1864
1870,6,6,15000,1865
1871,2,2,28500,1866
1872,7,7,2000,1867
1873,4,4,3500,1868
1874,1,1,5000,1869
1875,6,6,15000,1870
1876,2,2,28500,1871
1877,7,7,2000,1872
1878,4,4,3500,1873
1879,1,1,5000,1874
1880,6,6,15000,1875
1881,2,2,28500,1876
1882,7,7,2000,1877
1883,4,4,3500,1878
1884,1,1,5000,1879
1885,6,6,15000,1880
1886,2,2,28500,1881
1887,7,7,2000,1882
1888,4,4,3500,1883
1889,1,1,5000,1884
1890,6,6,15000,1885
1891,2,2,28500,1886
1892,7,7,2000,1887
1893,4,4,3500,1888
1894,1,1,5000,1889
1895,6,6,15000,1890
1896,2,2,28500,1891
1897,7,7,2000,1892
1898,4,4,3500,1893
1899,1,1,5000,1894
1900,6,6,15000,1895
1901,2,2,28500,1896
1902,7,7,2000,1897
1903,4,4,3500,1898
1904,1,1,5000,1899
1905,6,6,15000,1900
1906,2,2,28500,1901
1907,7,7,2000,1902
1908,4,4,3500,1903
1909,1,1,5000,1904
1910,6,6,15000,1905
1911,2,2,2000,1906
1912,7,7,3500,1907
1913,4,4,5000,1908
1914,1,1,15000,1909
1915,6,6,28500,1910
1916,2,2,2000,1911
1917,7,7,3500,1912
1918,4,4,5000,1913
1919,1,1,15000,1914
1920,6,6,28500,1915
1921,2,2,2000,1916
1922,7,7,3500,1917
1923,4,4,5000,1918
1924,1,1,15000,1919
1925,6,6,28500,1920
1926,2,2,2000,1921
1927,7,7,3500,1922
1928,4,4,5000,1923
1929,1,1,15000,1924
1930,6,6,28500,1925
1931,2,2,2000,1926
1932,7,7,3500,1927
1933,4,4,5000,1928
1934,1,1,15000,1929
1935,6,6,28500,1930
1936,2,2,2000,1931
1937,7,7,3500,1932
1938,4,4,5000,1933
1939,1,1,15000,1934
1940,6,6,28500,1935
1941,2,2,2000,1936
1942,7,7,3500,1937
1943,4,4,5000,1938
1944,1,1,15000,1939
1945,6,6,28500,1940
1946,2,2,2000,1941
1947,7,7,3500,1942
1948,4,4,5000,1943
1949,1,1,15000,1944
1950,2,2,28500,1945
1951,7,7,2000,1946
1952,4,4,3500,1947
1953,1,1,5000,1948
1954,6,6,15000,1949
1955,2,2,28500,1950
1956,7,7,2000,1951
1957,4,4,3500,1952
1958,1,1,5000,1953
1959,6,6,15000,1954
1960,2,2,28500,1955
1961,7,7,2000,1956
1962,4,4,3500,1957
1963,1,1,5000,1958
1964,6,6,15000,1959
1965,2,2,28500,1960
1966,7,7,2000,1961
1967,4,4,3500,1962
1968,1,1,5000,1963
1969,6,6,15000,1964
1970,2,2,28500,1965
1971,7,7,2000,1966
1972,4,4,3500,1967
1973,1,1,5000,1968
1974,6,6,15000,1969
1975,2,2,28500,1970
1976,7,7,2000,1971
1977,4,4,3500,1972
1978,1,1,5000,1973
1979,6,6,15000,1974
1980,2,2,28500,1975
1981,7,7,2000,1976
1982,4,4,3500,1977
1983,1,1,5000,1978
1984,6,6,15000,1979
1985,2,2,28500,1980
1986,7,7,2000,1981
1987,4,4,3500,1982
1988,1,1,5000,1983
1989,6,6,15000,1984
1990,2,2,28500,1985
1991,7,7,2000,1986
1992,4,4,3500,1987
1993,1,1,5000,1988
1994,6,6,15000,1989
1995,2,2,28500,1990
1996,7,7,2000,1991
1997,4,4,3500,1992
1998,1,1,5000,1993
1999,6,6,15000,1994
2000,2,2,28500,1995
2001,7,7,2000,1996
2002,4,4,3500,1997
2003,1,1,5000,1998
2004,6,6,15000,1999
2005,2,2,28500,2000
2006,7,7,2000,2001
2007,4,4,3500,2002
2008,1,1,5000,2003
2009,6,6,15000,2004
2010,2,2,28500,2005
2011,7,7,2000,2006
2012,4,4,3500,2007
2013,1,1,5000,2008
2014,6,6,15000,2009
2015,2,2,28500,2010
2016,7,7,2000,2011
2017,4,4,3500,2012
2018,1,1,5000,2013
2019,6,6,15000,2014
2020,2,2,28500,2015
2021,7,7,2000,2016
2022,4,4,3500,2017
2023,1,1,5000,2018
2024,6,6,15000,2019
2025,2,2,28500,2020
2026,7,7,2000,2021
2027,4,4,3500,2022
2028,1,1,5000,2023
2029,6,6,15000,2024
2030,2,2,28500,2025
2031,7,7,2000,2026
2032,4,4,3500,2027
2033,1,1,5000,2028
2034,6,6,15000,2029
2035,2,2,28500,2030
2036,7,7,2000,2031
2037,4,4,3500,2032
2038,1,1,5000,2033
2039,6,6,15000,2034
2040,2,2,28500,2035
2041,7,7,2000,2036
2042,4,4,3500,2037
2043,1,1,5000,2038
2044,6,6,15000,2039
2045,2,2,28500,2040
2046,7,7,2000,2041
2047,4,4,3500,2042
2048,1,1,5000,2043
2049,6,6,15000,2044
2050,2,2,28500,2045
2051,7,7,2000,2046
2052,4,4,3500,2047
2053,1,1,5000,2048
2054,6,6,15000,2049
2055,2,2,28500,2050
2056,7,7,2000,2051
2057,4,4,3500,2052
2058,1,1,5000,2053
2059,6,6,15000,2054
2060,2,2,28500,2055
2061,7,7,2000,2056
2062,4,4,3500,2057
2063,1,1,5000,2058
2064,6,6,15000,2059
2065,2,2,28500,2060
2066,7,7,2000,2061
2067,4,4,3500,2062
2068,1,1,5000,2063
2069,6,6,15000,2064
2070,2,2,28500,2065
2071,7,7,2000,2066
2072,4,4,3500,2067
2073,1,1,5000,2068
2074,6,6,15000,2069
2075,2,2,28500,2070
2076,7,7,2000,2071
2077,4,4,3500,2072
2078,1,1,5000,2073
2079,6,6,15000,2074
2080,2,2,28500,2075
2081,7,7,2000,2076
2082,4,4,3500,2077
2083,1,1,5000,2078
2084,6,6,15000,2079
2085,2,2,2000,2080
2086,7,7,3500,2081
2087,4,4,5000,2082
2088,1,1,15000,2083
2089,6,6,28500,2084
2090,2,2,2000,2085
2091,7,7,3500,2086
2092,4,4,5000,2087
2093,1,1,15000,2088
2094,6,6,28500,2089
2095,2,2,2000,2090
2096,7,7,3500,2091
2097,4,4,5000,2092
2098,1,1,15000,2093
2099,6,6,28500,2094
2100,2,2,2000,2095
2101,7,7,3500,2096
2102,4,4,5000,2097
2103,1,1,15000,2098
2104,6,6,28500,2099
2105,2,2,2000,2100
2106,7,7,3500,2101
2107,4,4,5000,2102
2108,1,1,15000,2103
2109,6,6,28500,2104
2110,2,2,2000,2105
2111,7,7,3500,2106
2112,4,4,5000,2107
2113,1,1,15000,2108
2114,6,6,28500,2109
2115,2,2,2000,2110
2116,7,7,3500,2111
2117,4,4,5000,2112
2118,1,1,15000,2113
2119,6,6,28500,2114
2120,2,2,2000,2115
2121,7,7,3500,2116
2122,4,4,5000,2117
2123,1,1,15000,2118
2124,6,6,28500,2119
2125,2,2,2000,2120
2126,7,7,3500,2121
2127,4,4,5000,2122
2128,1,1,15000,2123
2129,6,6,28500,2124
2130,2,2,2000,2125
2131,7,7,3500,2126
2132,4,4,5000,2127
2133,1,1,15000,2128
2134,6,6,28500,2129
2135,2,2,2000,2130
2136,7,7,3500,2131
2137,4,4,5000,2132
2138,1,1,15000,2133
2139,6,6,28500,2134
2140,2,2,2000,2135
2141,7,7,3500,2136
2142,4,4,5000,2137
2143,1,1,15000,2138
2144,6,6,28500,2139
2145,2,2,2000,2140
2146,7,7,3500,2141
2147,4,4,5000,2142
2148,1,1,15000,2143
2149,6,6,28500,2144
2150,2,2,2000,2145
2151,7,7,3500,2146
2152,4,4,5000,2147
2153,1,1,15000,2148
2154,6,6,28500,2149
2155,2,2,2000,2150
2156,7,7,3500,2151
2157,4,4,5000,2152
2158,1,1,15000,2153
2159,6,6,28500,2154
2160,2,2,2000,2155
2161,7,7,3500,2156
2162,4,4,5000,2157
2163,1,1,15000,2158
2164,6,6,28500,2159
2165,2,2,2000,2160
2166,7,7,3500,2161
2167,4,4,5000,2162
2168,1,1,15000,2163
2169,6,6,28500,2164
2170,2,2,2000,2165
2171,7,7,3500,2166
2172,4,4,5000,2167
2173,1,1,15000,2168
2174,6,6,28500,2169
2175,2,2,2000,2170
2176,7,7,3500,2171
2177,4,4,5000,2172
2178,1,1,15000,2173
2179,6,6,28500,2174
2180,2,2,2000,2175
2181,7,7,3500,2176
2182,4,4,5000,2177
2183,1,1,15000,2178
2184,6,6,28500,2179
2185,2,2,2000,2180
2186,7,7,3500,2181
2187,4,4,5000,2182
2188,1,1,15000,2183
2189,6,6,28500,2184
2190,2,2,2000,2185
2191,7,7,3500,2186
2192,4,4,5000,2187
2193,1,1,15000,2188
2194,6,6,28500,2189
2195,2,2,2000,2190
2196,7,7,3500,2191
2197,4,4,5000,2192
2198,1,1,15000,2193
2199,6,6,28500,2194
2200,2,2,2000,2195
2201,7,7,3500,2196
2202,4,4,5000,2197
2203,1,1,15000,2198
2204,6,6,28500,2199
2205,2,2,2000,2200
2206,7,7,3500,2201
2207,4,4,5000,2202
2208,1,1,15000,2203
2209,6,6,28500,2204
2210,2,2,2000,2205
2211,7,7,3500,2206
2212,4,4,5000,2207
2213,1,1,15000,2208
2214,6,6,28500,2209
2215,2,2,2000,2210
2216,7,7,3500,2211
2217,4,4,5000,2212
2218,1,1,15000,2213
2219,6,6,28500,2214
2220,2,2,2000,2215
2221,7,7,3500,2216
2222,4,4,5000,2217
2223,1,1,15000,2218
2224,6,6,28500,2219
2225,2,2,2000,2220
2226,7,7,3500,2221
2227,4,4,5000,2222
2228,1,1,15000,2223
2229,6,6,28500,2224
2230,2,2,2000,2225
2231,7,7,3500,2226
2232,4,4,5000,2227
2233,1,1,15000,2228
2234,6,6,28500,2229
2235,2,2,2000,2230
2236,7,7,3500,2231
2237,4,4,5000,2232
2238,1,1,15000,2233
2239,6,6,28500,2234
2240,2,2,2000,2235
2241,7,7,3500,2236
2242,4,4,5000,2237
2243,1,1,15000,2238
2244,6,6,28500,2239
2245,2,2,2000,2240
2246,7,7,3500,2241
2247,4,4,5000,2242
2248,1,1,15000,2243
2249,6,6,28500,2244
2250,2,2,2000,2245
2251,7,7,3500,2246
2252,4,4,5000,2247
2253,1,1,15000,2248
2254,6,6,28500,2249
2255,2,2,2000,2250
2256,7,7,3500,2251
2257,4,4,5000,2252
2258,1,1,15000,2253
2259,6,6,28500,2254
2260,2,2,2000,2255
2261,7,7,3500,2256
2262,4,4,5000,2257
2263,1,1,15000,2258
2264,6,6,2000,2259
2265,2,2,3500,2260
2266,7,7,5000,2261
2267,4,4,15000,2262
2268,1,1,28500,2263
2269,6,6,2000,2264
2270,2,2,3500,2265
2271,7,7,5000,2266
2272,4,4,15000,2267
2273,1,1,28500,2268
2274,6,6,2000,2269
2275,2,2,3500,2270
2276,7,7,5000,2271
2277,4,4,15000,2272
2278,1,1,28500,2273
2279,6,6,2000,2274
2280,2,2,3500,2275
2281,7,7,5000,2276
2282,4,4,15000,2277
2283,1,1,28500,2278
2284,6,6,2000,2279
2285,2,2,3500,2280
2286,7,7,5000,2281
2287,4,4,15000,2282
2288,1,1,28500,2283
2289,6,6,2000,2284
2290,2,2,3500,2285
2291,7,7,5000,2286
2292,4,4,15000,2287
2293,1,1,28500,2288
2294,6,6,2000,2289
2295,2,2,3500,2290
2296,7,7,5000,2291
2297,4,4,15000,2292
2298,1,1,28500,2293
2299,6,6,2000,2294
2300,2,2,3500,2295
2301,7,7,5000,2296
2302,4,4,15000,2297
2303,1,1,28500,2298
2304,6,6,2000,2299
2305,2,2,3500,2300
2306,7,7,5000,2301
2307,4,4,15000,2302
2308,1,1,28500,2303
2309,6,6,2000,2304
2310,2,2,3500,2305
2311,7,7,5000,2306
2312,4,4,15000,2307
2313,1,1,28500,2308
2314,6,6,2000,2309
2315,2,2,3500,2310
2316,7,7,5000,2311
2317,4,4,15000,2312
2318,1,1,28500,2313
2319,6,6,2000,2314
2320,2,2,3500,2315
2321,7,7,5000,2316
2322,4,4,15000,2317
2323,1,1,28500,2318
2324,6,6,2000,2319
2325,2,2,3500,2320
2326,7,7,5000,2321
2327,4,4,15000,2322
2328,1,1,28500,2323
2329,6,6,2000,2324
2330,2,2,3500,2325
2331,7,7,5000,2326
2332,4,4,15000,2327
2333,1,1,28500,2328
2334,6,6,2000,2329
2335,2,2,3500,2330
2336,7,7,5000,2331
2337,4,4,15000,2332
2338,1,1,28500,2333
2339,6,6,2000,2334
2340,2,2,3500,2335
2341,7,7,5000,2336
2342,4,4,15000,2337
2343,1,1,28500,2338
2344,6,6,2000,2339
2345,2,2,3500,2340
2346,7,7,5000,2341
2347,4,4,15000,2342
2348,1,1,28500,2343
2349,6,6,2000,2344
2350,2,2,3500,2345
2351,7,7,5000,2346
2352,4,4,15000,2347
2353,1,1,28500,2348
2354,6,6,2000,2349
2355,2,2,3500,2350
2356,7,7,5000,2351
2357,4,4,15000,2352
2358,1,1,28500,2353
2359,6,6,2000,2354
2360,2,2,3500,2355
2361,7,7,5000,2356
2362,4,4,15000,2357
2363,1,1,28500,2358
2364,6,6,2000,2359
2365,2,2,3500,2360
2366,7,7,5000,2361
2367,4,4,15000,2362
2368,1,1,28500,2363
2369,6,6,2000,2364
2370,2,2,3500,2365
2371,7,7,5000,2366
2372,4,4,15000,2367
2373,1,1,28500,2368
2374,6,6,2000,2369
2375,2,2,3500,2370
2376,7,7,5000,2371
2377,4,4,15000,2372
2378,1,1,28500,2373
2379,6,6,2000,2374
2380,2,2,3500,2375
2381,7,7,5000,2376
2382,4,4,15000,2377
2383,1,1,28500,2378
2384,6,6,2000,2379
2385,2,2,3500,2380
2386,7,7,5000,2381
2387,4,4,15000,2382
2388,1,1,28500,2383
2389,6,6,2000,2384
2390,2,2,3500,2385
2391,7,7,5000,2386
2392,4,4,15000,2387
2393,1,1,28500,2388
2394,6,6,2000,2389
2395,2,2,3500,2390
2396,7,7,5000,2391
2397,4,4,15000,2392
2398,1,1,28500,2393
2399,6,6,2000,2394
2400,2,2,3500,2395
2401,7,7,5000,2396
2402,4,4,15000,2397
2403,1,1,28500,2398
2404,6,6,2000,2399
2405,2,2,3500,2400
2406,7,7,5000,2401
2407,4,4,15000,2402
2408,1,1,28500,2403
2409,6,6,2000,2404
2410,2,2,3500,2405
2411,7,7,5000,2406
2412,4,4,15000,2407
2413,1,1,28500,2408
2414,6,6,2000,2409
2415,2,2,3500,2410
2416,7,7,5000,2411
2417,4,4,15000,2412
2418,1,1,28500,2413
2419,6,6,2000,2414
2420,2,2,3500,2415
2421,7,7,5000,2416
2422,4,4,15000,2417
2423,1,1,28500,2418
2424,6,6,2000,2419
2425,2,2,3500,2420
2426,7,7,5000,2421
2427,4,4,15000,2422
2428,1,1,28500,2423
2429,6,6,2000,2424
2430,2,2,3500,2425
2431,7,7,5000,2426
2432,4,4,2000,2427
2433,1,1,3500,2428
2434,6,6,5000,2429
2435,2,2,15000,2430
2436,7,7,28500,2431
2437,4,4,2000,2432
2438,1,1,3500,2433
2439,6,6,5000,2434
2440,2,2,15000,2435
2441,7,7,28500,2436
2442,4,4,2000,2437
2443,1,1,3500,2438
2444,6,6,5000,2439
2445,2,2,15000,2440
2446,7,7,28500,2441
2447,4,4,2000,2442
2448,1,1,3500,2443
2449,6,6,5000,2444
2450,2,2,15000,2445
2451,7,7,28500,2446
2452,4,4,2000,2447
2453,1,1,3500,2448
2454,6,6,5000,2449
2455,2,2,15000,2450
2456,7,7,28500,2451
2457,4,4,2000,2452
2458,1,1,3500,2453
2459,6,6,5000,2454
2460,2,2,15000,2455
2461,7,7,28500,2456
2462,4,4,2000,2457
2463,1,1,3500,2458
2464,6,6,5000,2459
2465,2,2,15000,2460
2466,7,7,28500,2461
2467,4,4,2000,2462
2468,1,1,3500,2463
2469,6,6,5000,2464
2470,2,2,15000,2465
2471,7,7,28500,2466
2472,4,4,2000,2467
2473,1,1,3500,2468
2474,6,6,5000,2469
2475,2,2,15000,2470
2476,7,7,28500,2471
2477,4,4,2000,2472
2478,1,1,3500,2473
2479,6,6,5000,2474
2480,2,2,15000,2475
2481,7,7,28500,2476
2482,4,4,2000,2477
2483,1,1,3500,2478
2484,6,6,5000,2479
2485,2,2,15000,2480
2486,7,7,28500,2481
2487,4,4,2000,2482
2488,1,1,3500,2483
2489,6,6,5000,2484
2490,2,2,15000,2485
2491,7,7,28500,2486
2492,4,4,2000,2487
2493,1,1,3500,2488
2494,6,6,5000,2489
2495,2,2,15000,2490
2496,7,7,28500,2491
2497,4,4,2000,2492
2498,1,1,3500,2493
2499,6,6,5000,2494
2500,2,2,15000,2495
2501,7,7,28500,2496
2502,4,4,2000,2497
2503,1,1,3500,2498
2504,6,6,5000,2499
2505,2,2,15000,2500
2506,7,7,28500,2501
2507,4,4,2000,2502
2508,1,1,3500,2503
2509,6,6,5000,2504
2510,2,2,15000,2505
2511,7,7,28500,2506
2512,4,4,2000,2507
2513,1,1,3500,2508
2514,6,6,5000,2509
2515,2,2,15000,2510
2516,7,7,28500,2511
2517,4,4,2000,2512
2518,1,1,3500,2513
2519,6,6,5000,2514
2520,2,2,15000,2515
2521,7,7,28500,2516
2522,4,4,2000,2517
2523,1,1,3500,2518
2524,6,6,5000,2519
2525,2,2,15000,2520
2526,7,7,28500,2521
2527,4,4,2000,2522
2528,1,1,3500,2523
2529,6,6,5000,2524
2530,2,2,15000,2525
2531,7,7,28500,2526
2532,4,4,2000,2527
2533,1,1,3500,2528
2534,6,6,5000,2529
2535,2,2,15000,2530
2536,7,7,28500,2531
2537,4,4,2000,2532
2538,1,1,3500,2533
2539,6,6,5000,2534
2540,2,2,15000,2535
2541,7,7,28500,2536
2542,4,4,2000,2537
2543,1,1,3500,2538
2544,6,6,5000,2539
2545,2,2,15000,2540
2546,7,7,28500,2541
2547,4,4,2000,2542
2548,1,1,3500,2543
2549,6,6,5000,2544
2550,2,2,15000,2545
2551,7,7,28500,2546
2552,4,4,2000,2547
2553,1,1,3500,2548
2554,6,6,5000,2549
2555,2,2,15000,2550
2556,7,7,28500,2551
2557,4,4,2000,2552
2558,1,1,3500,2553
2559,6,6,5000,2554
2560,2,2,15000,2555
2561,7,7,28500,2556
2562,4,4,2000,2557
2563,1,1,3500,2558
2564,6,6,5000,2559
2565,2,2,15000,2560
2566,7,7,28500,2561
2567,4,4,2000,2562
2568,1,1,3500,2563
2569,6,6,5000,2564
2570,2,2,15000,2565
2571,7,7,28500,2566
2572,4,4,2000,2567
2573,1,1,3500,2568
2574,6,6,5000,2569
2575,2,2,15000,2570
2576,7,7,28500,2571
2577,4,4,2000,2572
2578,1,1,3500,2573
2579,6,6,5000,2574
2580,2,2,15000,2575
2581,7,7,28500,2576
2582,4,4,2000,2577
2583,1,1,3500,2578
2584,6,6,5000,2579
2585,2,2,15000,2580
2586,7,7,28500,2581
2587,4,4,2000,2582
2588,1,1,3500,2583
2589,6,6,5000,2584
2590,2,2,15000,2585
2591,7,7,28500,2586
2592,4,4,2000,2587
2593,1,1,3500,2588
2594,6,6,5000,2589
2595,2,2,15000,2590
2596,7,7,28500,2591
2597,4,4,2000,2592
2598,1,1,3500,2593
2599,6,6,5000,2594
2600,2,2,15000,2595
2601,7,7,28500,2596
2602,4,4,2000,2597
2603,1,1,3500,2598
2604,6,6,5000,2599
2605,2,2,15000,2600
2606,7,7,28500,2601
2607,4,4,2000,2602
2608,1,1,3500,2603
2609,6,6,5000,2604
2610,2,2,15000,2605
2611,7,7,2000,2606
2612,4,4,3500,2607
2613,1,1,5000,2608
2614,6,6,15000,2609
2615,2,2,28500,2610
2616,7,7,2000,2611
2617,4,4,3500,2612
2618,1,1,5000,2613
2619,6,6,15000,2614
2620,2,2,28500,2615
2621,7,7,2000,2616
2622,4,4,3500,2617
2623,1,1,5000,2618
2624,6,6,15000,2619
2625,2,2,28500,2620
2626,7,7,2000,2621
2627,4,4,3500,2622
2628,1,1,5000,2623
2629,6,6,15000,2624
2630,2,2,28500,2625
2631,7,7,2000,2626
2632,4,4,3500,2627
2633,1,1,5000,2628
2634,6,6,15000,2629
2635,2,2,28500,2630
2636,7,7,2000,2631
2637,4,4,3500,2632
2638,1,1,5000,2633
2639,6,6,15000,2634
2640,2,2,28500,2635
2641,7,7,2000,2636
2642,4,4,3500,2637
2643,1,1,5000,2638
2644,6,6,15000,2639
2645,2,2,28500,2640
2646,7,7,2000,2641
2647,4,4,3500,2642
2648,1,1,5000,2643
2649,6,6,15000,2644
2650,2,2,28500,2645
2651,7,7,2000,2646
2652,4,4,3500,2647
2653,1,1,5000,2648
2654,6,6,15000,2649
2655,2,2,28500,2650
2656,7,7,2000,2651
2657,4,4,3500,2652
2658,1,1,5000,2653
2659,6,6,15000,2654
2660,2,2,28500,2655
2661,7,7,2000,2656
2662,4,4,3500,2657
2663,1,1,5000,2658
2664,6,6,15000,2659
2665,2,2,28500,2660
2666,7,7,2000,2661
2667,4,4,3500,2662
2668,1,1,5000,2663
2669,6,6,15000,2664
2670,2,2,28500,2665
2671,7,7,2000,2666
2672,4,4,3500,2667
2673,1,1,5000,2668
2674,6,6,15000,2669
2675,2,2,28500,2670
2676,7,7,2000,2671
2677,4,4,3500,2672
2678,1,1,5000,2673
2679,6,6,15000,2674
2680,2,2,28500,2675
2681,7,7,2000,2676
2682,4,4,3500,2677
2683,1,1,5000,2678
2684,6,6,15000,2679
2685,2,2,28500,2680
2686,7,7,2000,2681
2687,4,4,3500,2682
2688,1,1,5000,2683
2689,6,6,15000,2684
2690,2,2,28500,2685
2691,7,7,2000,2686
2692,4,4,3500,2687
2693,1,1,5000,2688
2694,6,6,15000,2689
2695,2,2,28500,2690
2696,7,7,2000,2691
2697,4,4,3500,2692
2698,1,1,5000,2693
2699,6,6,15000,2694
2700,2,2,28500,2695
2701,7,7,2000,2696
2702,4,4,3500,2697
2703,1,1,5000,2698
2704,6,6,15000,2699
2705,2,2,28500,2700
2706,7,7,2000,2701
2707,4,4,3500,2702
2708,1,1,5000,2703
2709,6,6,15000,2704
2710,2,2,28500,2705
2711,7,7,2000,2706
2712,4,4,3500,2707
2713,1,1,5000,2708
2714,6,6,15000,2709
2715,2,2,28500,2710
2716,7,7,2000,2711
2717,4,4,3500,2712
2718,1,1,5000,2713
2719,6,6,15000,2714
2720,2,2,28500,2715
2721,7,7,2000,2716
2722,4,4,3500,2717
2723,1,1,5000,2718
2724,6,6,15000,2719
2725,2,2,28500,2720
2726,7,7,2000,2721
2727,4,4,3500,2722
2728,1,1,5000,2723
2729,6,6,15000,2724
2730,2,2,28500,2725
2731,7,7,2000,2726
2732,4,4,3500,2727
2733,1,1,5000,2728
2734,6,6,15000,2729
2735,2,2,28500,2730
2736,7,7,2000,2731
2737,4,4,3500,2732
2738,1,1,5000,2733
2739,6,6,15000,2734
2740,2,2,28500,2735
2741,7,7,2000,2736
2742,4,4,3500,2737
2743,1,1,5000,2738
2744,6,6,15000,2739
2745,2,2,28500,2740
2746,7,7,2000,2741
2747,4,4,3500,2742
2748,1,1,5000,2743
2749,6,6,15000,2744
2750,2,2,28500,2745
2751,7,7,2000,2746
2752,4,4,3500,2747
2753,1,1,5000,2748
2754,6,6,15000,2749
2755,2,2,28500,2750
2756,7,7,2000,2751
2757,4,4,3500,2752
2758,1,1,5000,2753
2759,6,6,15000,2754
2760,2,2,28500,2755
2761,7,7,2000,2756
2762,4,4,3500,2757
2763,1,1,5000,2758
2764,6,6,15000,2759
2765,2,2,28500,2760
2766,7,7,2000,2761
2767,4,4,3500,2762
2768,1,1,5000,2763
2769,6,6,15000,2764
2770,2,2,28500,2765
2771,7,7,2000,2766
2772,4,4,3500,2767
2773,1,1,5000,2768
2774,6,6,15000,2769
2775,2,2,28500,2770
2776,7,7,2000,2771
2777,4,4,3500,2772
2778,1,1,5000,2773
2779,6,6,15000,2774
2780,2,2,28500,2775
2781,7,7,2000,2776
2782,4,4,3500,2777
2783,1,1,5000,2778
2784,6,6,15000,2779
2785,2,2,2000,2780
2786,7,7,3500,2781
2787,4,4,5000,2782
2788,1,1,15000,2783
2789,6,6,28500,2784
2790,2,2,2000,2785
2791,7,7,3500,2786
2792,4,4,5000,2787
2793,1,1,15000,2788
2794,6,6,28500,2789
2795,2,2,2000,2790
2796,7,7,3500,2791
2797,4,4,5000,2792
2798,1,1,15000,2793
2799,6,6,28500,2794
2800,2,2,2000,2795
2801,7,7,3500,2796
2802,4,4,5000,2797
2803,1,1,15000,2798
2804,6,6,28500,2799
2805,2,2,2000,2800
2806,7,7,3500,2801
2807,4,4,5000,2802
2808,1,1,15000,2803
2809,6,6,28500,2804
2810,2,2,2000,2805
2811,7,7,3500,2806
2812,4,4,5000,2807
2813,1,1,15000,2808
2814,6,6,28500,2809
2815,2,2,2000,2810
2816,7,7,3500,2811
2817,4,4,5000,2812
2818,1,1,15000,2813
2819,6,6,28500,2814
2820,2,2,2000,2815
2821,7,7,3500,2816
2822,4,4,5000,2817
2823,1,1,15000,2818
2824,6,6,28500,2819
2825,2,2,2000,2820
2826,2,2,3500,2821
2827,7,7,5000,2822
2828,4,4,15000,2823
2829,1,1,28500,2824
2830,6,6,2000,2825
2831,2,2,3500,2826
2832,7,7,5000,2827
2833,4,4,15000,2828
2834,1,1,28500,2829
2835,6,6,2000,2830
2836,2,2,3500,2831
2837,7,7,5000,2832
2838,4,4,15000,2833
2839,1,1,28500,2834
2840,6,6,2000,2835
2841,2,2,3500,2836
2842,7,7,5000,2837
2843,4,4,15000,2838
2844,1,1,28500,2839
2845,6,6,2000,2840
2846,2,2,3500,2841
2847,7,7,5000,2842
2848,4,4,15000,2843
2849,1,1,28500,2844
2850,6,6,2000,2845
2851,2,2,3500,2846
2852,7,7,5000,2847
2853,4,4,15000,2848
2854,1,1,28500,2849
2855,6,6,2000,2850
2856,2,2,3500,2851
2857,7,7,5000,2852
2858,4,4,15000,2853
2859,1,1,28500,2854
2860,6,6,2000,2855
2861,2,2,3500,2856
2862,7,7,5000,2857
2863,4,4,15000,2858
2864,1,1,28500,2859
2865,6,6,2000,2860
2866,2,2,3500,2861
2867,7,7,5000,2862
2868,4,4,15000,2863
2869,1,1,28500,2864
2870,6,6,2000,2865
2871,2,2,3500,2866
2872,7,7,5000,2867
2873,4,4,15000,2868
2874,1,1,28500,2869
2875,6,6,2000,2870
2876,2,2,3500,2871
2877,7,7,5000,2872
2878,4,4,15000,2873
2879,1,1,28500,2874
2880,6,6,2000,2875
2881,2,2,3500,2876
2882,7,7,5000,2877
2883,4,4,15000,2878
2884,1,1,28500,2879
2885,6,6,2000,2880
2886,2,2,3500,2881
2887,7,7,5000,2882
2888,4,4,15000,2883
2889,1,1,28500,2884
2890,6,6,2000,2885
2891,2,2,3500,2886
2892,7,7,5000,2887
2893,4,4,15000,2888
2894,1,1,28500,2889
2895,6,6,2000,2890
2896,2,2,3500,2891
2897,7,7,5000,2892
2898,4,4,15000,2893
2899,1,1,28500,2894
2900,6,6,2000,2895
2901,2,2,3500,2896
2902,7,7,5000,2897
2903,4,4,15000,2898
2904,1,1,28500,2899
2905,6,6,2000,2900
2906,2,2,3500,2901
2907,7,7,5000,2902
2908,4,4,15000,2903
2909,1,1,28500,2904
2910,6,6,2000,2905
2911,2,2,3500,2906
2912,7,7,5000,2907
2913,4,4,15000,2908
2914,1,1,28500,2909
2915,6,6,2000,2910
2916,2,2,3500,2911
2917,7,7,5000,2912
2918,4,4,15000,2913
2919,1,1,28500,2914
2920,6,6,2000,2915
2921,2,2,3500,2916
2922,7,7,5000,2917
2923,4,4,15000,2918
2924,1,1,28500,2919
2925,6,6,2000,2920
2926,2,2,3500,2921
2927,7,7,5000,2922
2928,4,4,15000,2923
2929,1,1,28500,2924
2930,6,6,2000,2925
2931,2,2,3500,2926
2932,7,7,5000,2927
2933,4,4,15000,2928
2934,1,1,28500,2929
2935,6,6,2000,2930
2936,2,2,3500,2931
2937,7,7,5000,2932
2938,4,4,15000,2933
2939,1,1,28500,2934
2940,6,6,2000,2935
2941,2,2,3500,2936
2942,7,7,5000,2937
2943,4,4,15000,2938
2944,1,1,28500,2939
2945,6,6,2000,2940
2946,2,2,3500,2941
2947,7,7,5000,2942
2948,4,4,15000,2943
2949,1,1,28500,2944
2950,6,6,2000,2945
2951,2,2,3500,2946
2952,7,7,5000,2947
2953,4,4,15000,2948
2954,1,1,28500,2949
2955,6,6,2000,2950
2956,2,2,3500,2951
2957,7,7,5000,2952
2958,4,4,15000,2953
2959,1,1,28500,2954
2960,6,6,2000,2955
2961,2,2,3500,2956
2962,7,7,5000,2957
2963,4,4,15000,2958
2964,1,1,2000,2959
2965,6,6,3500,2960
2966,2,2,5000,2961
2967,7,7,15000,2962
2968,4,4,28500,2963
2969,1,1,2000,2964
2970,6,6,3500,2965
2971,2,2,5000,2966
2972,7,7,15000,2967
2973,4,4,28500,2968
2974,1,1,2000,2969
2975,6,6,3500,2970
2976,2,2,5000,2971
2977,7,7,15000,2972
2978,4,4,28500,2973
2979,1,1,2000,2974
2980,6,6,3500,2975
2981,2,2,5000,2976
2982,7,7,15000,2977
2983,4,4,28500,2978
2984,1,1,2000,2979
2985,6,6,3500,2980
2986,2,2,5000,2981
2987,7,7,15000,2982
2988,4,4,28500,2983
2989,1,1,2000,2984
2990,6,6,3500,2985
2991,2,2,5000,2986
2992,7,7,15000,2987
2993,4,4,28500,2988
2994,1,1,2000,2989
2995,6,6,3500,2990
2996,2,2,5000,2991
2997,7,7,15000,2992
2998,4,4,28500,2993
2999,1,1,2000,2994
3000,6,6,3500,2995
3001,2,2,5000,2996
3002,7,7,15000,2997
3003,4,4,28500,2998
3004,1,1,2000,2999
3005,6,6,3500,3000
3006,2,2,5000,3001
3007,7,7,15000,3002
3008,4,4,28500,3003
3009,1,1,2000,3004
3010,6,6,3500,3005
3011,2,2,5000,3006
3012,7,7,15000,3007
3013,4,4,28500,3008
3014,1,1,2000,3009
3015,6,6,3500,3010
3016,2,2,5000,3011
3017,7,7,15000,3012
3018,4,4,28500,3013
3019,1,1,2000,3014
3020,6,6,3500,3015
3021,2,2,5000,3016
3022,7,7,15000,3017
3023,4,4,28500,3018
3024,1,1,2000,3019
3025,6,6,3500,3020
3026,2,2,5000,3021
3027,7,7,15000,3022
3028,4,4,28500,3023
3029,1,1,2000,3024
3030,6,6,3500,3025
3031,2,2,5000,3026
3032,7,7,15000,3027
3033,4,4,28500,3028
3034,1,1,2000,3029
3035,6,6,3500,3030
3036,2,2,5000,3031
3037,7,7,15000,3032
3038,4,4,28500,3033
3039,1,1,2000,3034
3040,6,6,3500,3035
3041,2,2,5000,3036
3042,7,7,15000,3037
3043,4,4,28500,3038
3044,1,1,2000,3039
3045,6,6,3500,3040
3046,2,2,5000,3041
3047,7,7,15000,3042
3048,4,4,28500,3043
3049,1,1,2000,3044
3050,6,6,3500,3045
3051,2,2,5000,3046
3052,7,7,15000,3047
3053,4,4,28500,3048
3054,1,1,2000,3049
3055,6,6,3500,3050
3056,2,2,5000,3051
3057,7,7,15000,3052
3058,4,4,28500,3053
3059,1,1,2000,3054
3060,6,6,3500,3055
3061,2,2,5000,3056
3062,7,7,15000,3057
3063,4,4,28500,3058
3064,1,1,2000,3059
3065,6,6,3500,3060
3066,2,2,5000,3061
3067,7,7,15000,3062
3068,4,4,28500,3063
3069,1,1,2000,3064
3070,6,6,3500,3065
3071,2,2,5000,3066
3072,7,7,15000,3067
3073,4,4,28500,3068
3074,1,1,2000,3069
3075,6,6,3500,3070
3076,2,2,5000,3071
3077,7,7,15000,3072
3078,4,4,28500,3073
3079,1,1,2000,3074
3080,6,6,3500,3075
3081,2,2,5000,3076
3082,7,7,15000,3077
3083,4,4,28500,3078
3084,1,1,2000,3079
3085,6,6,3500,3080
3086,2,2,5000,3081
3087,7,7,15000,3082
3088,4,4,28500,3083
3089,1,1,2000,3084
3090,6,6,3500,3085
3091,2,2,5000,3086
3092,7,7,15000,3087
3093,4,4,28500,3088
3094,1,1,2000,3089
3095,6,6,3500,3090
3096,2,2,5000,3091
3097,7,7,15000,3092
3098,4,4,28500,3093
3099,1,1,2000,3094
3100,6,6,3500,3095
3101,2,2,5000,3096
3102,7,7,15000,3097
3103,4,4,28500,3098
3104,1,1,2000,3099
3105,6,6,3500,3100
3106,2,2,5000,3101
3107,7,7,15000,3102
3108,4,4,28500,3103
3109,1,1,2000,3104
3110,6,6,3500,3105
3111,2,2,5000,3106
3112,7,7,15000,3107
3113,4,4,28500,3108
3114,1,1,2000,3109
3115,6,6,3500,3110
3116,2,2,5000,3111
3117,7,7,15000,3112
3118,4,4,28500,3113
3119,1,1,2000,3114
3120,6,6,3500,3115
3121,2,2,5000,3116
3122,7,7,15000,3117
3123,4,4,28500,3118
3124,1,1,2000,3119
3125,6,6,3500,3120
3126,2,2,5000,3121
3127,7,7,15000,3122
3128,4,4,28500,3123
3129,1,1,2000,3124
3130,6,6,3500,3125
3131,2,2,5000,3126
3132,7,7,2000,3127
3133,4,4,3500,3128
3134,1,1,5000,3129
3135,6,6,15000,3130
3136,2,2,28500,3131
3137,7,7,2000,3132
3138,4,4,3500,3133
3139,1,1,5000,3134
3140,6,6,15000,3135
3141,2,2,28500,3136
3142,7,7,2000,3137
3143,4,4,3500,3138
3144,1,1,5000,3139
3145,6,6,15000,3140
3146,2,2,28500,3141
3147,7,7,2000,3142
3148,4,4,3500,3143
3149,1,1,5000,3144
3150,6,6,15000,3145
3151,2,2,28500,3146
3152,7,7,2000,3147
3153,4,4,3500,3148
3154,1,1,5000,3149
3155,6,6,15000,3150
3156,2,2,28500,3151
3157,7,7,2000,3152
3158,4,4,3500,3153
3159,1,1,5000,3154
3160,6,6,15000,3155
3161,2,2,28500,3156
3162,7,7,2000,3157
3163,4,4,3500,3158
3164,1,1,5000,3159
3165,6,6,15000,3160
3166,2,2,28500,3161
3167,7,7,2000,3162
3168,4,4,3500,3163
3169,1,1,5000,3164
3170,6,6,15000,3165
3171,2,2,28500,3166
3172,7,7,2000,3167
3173,4,4,3500,3168
3174,1,1,5000,3169
3175,6,6,15000,3170
3176,2,2,28500,3171
3177,7,7,2000,3172
3178,4,4,3500,3173
3179,1,1,5000,3174
3180,6,6,15000,3175
3181,2,2,28500,3176
3182,7,7,2000,3177
3183,4,4,3500,3178
3184,1,1,5000,3179
3185,6,6,15000,3180
3186,2,2,28500,3181
3187,7,7,2000,3182
3188,4,4,3500,3183
3189,1,1,5000,3184
3190,6,6,15000,3185
3191,2,2,28500,3186
3192,7,7,2000,3187
3193,4,4,3500,3188
3194,1,1,5000,3189
3195,6,6,15000,3190
3196,2,2,28500,3191
3197,7,7,2000,3192
3198,4,4,3500,3193
3199,1,1,5000,3194
3200,6,6,15000,3195
3201,2,2,28500,3196
3202,7,7,2000,3197
3203,4,4,3500,3198
3204,1,1,5000,3199
3205,6,6,15000,3200
3206,2,2,28500,3201
3207,7,7,2000,3202
3208,4,4,3500,3203
3209,1,1,5000,3204
3210,6,6,15000,3205
3211,2,2,28500,3206
3212,7,7,2000,3207
3213,4,4,3500,3208
3214,1,1,5000,3209
3215,6,6,15000,3210
3216,2,2,28500,3211
3217,7,7,2000,3212
3218,4,4,3500,3213
3219,1,1,5000,3214
3220,6,6,15000,3215
3221,2,2,28500,3216
3222,7,7,2000,3217
3223,4,4,3500,3218
3224,1,1,5000,3219
3225,6,6,15000,3220
3226,2,2,28500,3221
3227,7,7,2000,3222
3228,4,4,3500,3223
3229,1,1,5000,3224
3230,6,6,15000,3225
3231,2,2,28500,3226
3232,7,7,2000,3227
3233,4,4,3500,3228
3234,1,1,5000,3229
3235,6,6,15000,3230
3236,2,2,28500,3231
3237,7,7,2000,3232
3238,4,4,3500,3233
3239,1,1,5000,3234
3240,6,6,15000,3235
3241,2,2,28500,3236
3242,7,7,2000,3237
3243,4,4,3500,3238
3244,1,1,5000,3239
3245,6,6,15000,3240
3246,2,2,28500,3241
3247,7,7,2000,3242
3248,4,4,3500,3243
3249,1,1,5000,3244
3250,6,6,15000,3245
3251,2,2,28500,3246
3252,7,7,2000,3247
3253,4,4,3500,3248
3254,1,1,5000,3249
3255,6,6,15000,3250
3256,2,2,28500,3251
3257,7,7,2000,3252
3258,4,4,3500,3253
3259,1,1,5000,3254
3260,6,6,15000,3255
3261,2,2,28500,3256
3262,7,7,2000,3257
3263,4,4,3500,3258
3264,1,1,5000,3259
3265,6,6,15000,3260
3266,2,2,28500,3261
3267,7,7,2000,3262
3268,4,4,3500,3263
3269,1,1,5000,3264
3270,6,6,15000,3265
3271,2,2,28500,3266
3272,7,7,2000,3267
3273,4,4,3500,3268
3274,1,1,5000,3269
3275,6,6,15000,3270
3276,2,2,28500,3271
3277,7,7,2000,3272
3278,4,4,3500,3273
3279,1,1,5000,3274
3280,6,6,15000,3275
3281,2,2,28500,3276
3282,7,7,2000,3277
3283,4,4,3500,3278
3284,1,1,5000,3279
3285,6,6,15000,3280
3286,2,2,28500,3281
3287,7,7,2000,3282
3288,4,4,3500,3283
3289,1,1,5000,3284
3290,6,6,15000,3285
3291,2,2,28500,3286
3292,7,7,2000,3287
3293,4,4,3500,3288
3294,1,1,5000,3289
3295,6,6,15000,3290
3296,2,2,28500,3291
3297,7,7,2000,3292
3298,4,4,3500,3293
3299,1,1,5000,3294
3300,6,6,15000,3295
3301,2,2,28500,3296
3302,7,7,2000,3297
3303,4,4,3500,3298
3304,1,1,5000,3299
3305,6,6,15000,3300
3306,2,2,28500,3301
3307,7,7,2000,3302
3308,4,4,3500,3303
3309,1,1,5000,3304
3310,6,6,15000,3305
3311,2,2,2000,3306
3312,7,7,3500,3307
3313,4,4,5000,3308
3314,1,1,15000,3309
3315,6,6,28500,3310
3316,2,2,2000,3311
3317,7,7,3500,3312
3318,4,4,5000,3313
3319,1,1,15000,3314
3320,6,6,28500,3315
3321,2,2,2000,3316
3322,7,7,3500,3317
3323,4,4,5000,3318
3324,1,1,15000,3319
3325,6,6,28500,3320
3326,2,2,2000,3321
3327,7,7,3500,3322
3328,4,4,5000,3323
3329,1,1,15000,3324
3330,6,6,28500,3325
3331,2,2,2000,3326
3332,7,7,3500,3327
3333,4,4,5000,3328
3334,1,1,15000,3329
3335,6,6,28500,3330
3336,2,2,2000,3331
3337,7,7,3500,3332
3338,4,4,5000,3333
3339,1,1,15000,3334
3340,6,6,28500,3335
3341,2,2,2000,3336
3342,7,7,3500,3337
3343,4,4,5000,3338
3344,1,1,15000,3339
3345,6,6,28500,3340
3346,2,2,2000,3341
3347,7,7,3500,3342
3348,4,4,5000,3343
3349,1,1,15000,3344
3350,6,6,28500,3345
3351,2,2,2000,3346
3352,7,7,3500,3347
3353,4,4,5000,3348
3354,1,1,15000,3349
3355,6,6,28500,3350
3356,2,2,2000,3351
3357,7,7,3500,3352
3358,4,4,5000,3353
3359,1,1,15000,3354
3360,6,6,28500,3355
3361,2,2,2000,3356
3362,7,7,3500,3357
3363,4,4,5000,3358
3364,1,1,15000,3359
3365,6,6,28500,3360
3366,2,2,2000,3361
3367,7,7,3500,3362
3368,4,4,5000,3363
3369,1,1,15000,3364
3370,6,6,28500,3365
3371,2,2,2000,3366
3372,7,7,3500,3367
3373,4,4,5000,3368
3374,1,1,15000,3369
3375,6,6,28500,3370
3376,2,2,2000,3371
3377,7,7,3500,3372
3378,4,4,5000,3373
3379,1,1,15000,3374
3380,6,6,28500,3375
3381,2,2,2000,3376
3382,7,7,3500,3377
3383,4,4,5000,3378
3384,1,1,15000,3379
3385,6,6,28500,3380
3386,2,2,2000,3381
3387,7,7,3500,3382
3388,4,4,5000,3383
3389,1,1,15000,3384
3390,6,6,28500,3385
3391,2,2,2000,3386
3392,7,7,3500,3387
3393,4,4,5000,3388
3394,1,1,15000,3389
3395,6,6,28500,3390
3396,2,2,2000,3391
3397,7,7,3500,3392
3398,4,4,5000,3393
3399,1,1,15000,3394
3400,6,6,28500,3395
3401,2,2,2000,3396
3402,7,7,3500,3397
3403,4,4,5000,3398
3404,1,1,15000,3399
3405,6,6,28500,3400
3406,2,2,2000,3401
3407,7,7,3500,3402
3408,4,4,5000,3403
3409,1,1,15000,3404
3410,6,6,28500,3405
3411,2,2,2000,3406
3412,7,7,3500,3407
3413,4,4,5000,3408
3414,1,1,15000,3409
3415,6,6,28500,3410
3416,2,2,2000,3411
3417,7,7,3500,3412
3418,4,4,5000,3413
3419,1,1,15000,3414
3420,6,6,28500,3415
3421,2,2,2000,3416
3422,7,7,3500,3417
3423,4,4,5000,3418
3424,1,1,15000,3419
3425,6,6,28500,3420
3426,2,2,2000,3421
3427,7,7,3500,3422
3428,4,4,5000,3423
3429,1,1,15000,3424
3430,6,6,28500,3425
3431,2,2,2000,3426
3432,7,7,3500,3427
3433,4,4,5000,3428
3434,1,1,15000,3429
3435,6,6,28500,3430
3436,2,2,2000,3431
3437,7,7,3500,3432
3438,4,4,5000,3433
3439,1,1,15000,3434
3440,6,6,28500,3435
3441,2,2,2000,3436
3442,7,7,3500,3437
3443,4,4,5000,3438
3444,1,1,15000,3439
3445,6,6,28500,3440
3446,2,2,2000,3441
3447,7,7,3500,3442
3448,4,4,5000,3443
3449,1,1,15000,3444
3450,6,6,28500,3445
3451,2,2,2000,3446
3452,7,7,3500,3447
3453,4,4,5000,3448
3454,1,1,15000,3449
3455,6,6,28500,3450
3456,2,2,2000,3451
3457,7,7,3500,3452
3458,4,4,5000,3453
3459,1,1,15000,3454
3460,6,6,28500,3455
3461,2,2,2000,3456
3462,7,7,3500,3457
3463,4,4,5000,3458
3464,1,1,15000,3459
3465,6,6,28500,3460
3466,2,2,2000,3461
3467,7,7,3500,3462
3468,4,4,5000,3463
3469,1,1,15000,3464
3470,6,6,28500,3465
3471,2,2,2000,3466
3472,7,7,3500,3467
3473,4,4,5000,3468
3474,1,1,15000,3469
3475,6,6,28500,3470
3476,2,2,2000,3471
3477,7,7,3500,3472
3478,4,4,5000,3473
3479,1,1,15000,3474
3480,6,6,28500,3475
3481,2,2,2000,3476
3482,7,7,3500,3477
3483,4,4,5000,3478
3484,1,1,15000,3479
3485,6,6,2000,3480
3486,2,2,3500,3481
3487,7,7,5000,3482
3488,4,4,15000,3483
3489,1,1,28500,3484
3490,6,6,2000,3485
3491,2,2,3500,3486
3492,7,7,5000,3487
3493,4,4,15000,3488
3494,1,1,28500,3489
3495,6,6,2000,3490
3496,2,2,3500,3491
3497,7,7,5000,3492
3498,4,4,15000,3493
3499,1,1,28500,3494
3500,6,6,2000,3495
3501,2,2,3500,3496
3502,7,7,5000,3497
3503,4,4,15000,3498
3504,1,1,28500,3499
3505,6,6,2000,3500
3506,2,2,3500,3501
3507,7,7,5000,3502
3508,4,4,15000,3503
3509,1,1,28500,3504
3510,6,6,2000,3505
3511,2,2,3500,3506
3512,7,7,5000,3507
3513,4,4,15000,3508
3514,1,1,28500,3509
3515,6,6,2000,3510
3516,2,2,3500,3511
3517,7,7,5000,3512
3518,4,4,15000,3513
3519,1,1,28500,3514
3520,6,6,2000,3515
3521,2,2,3500,3516
3522,7,7,5000,3517
3523,4,4,15000,3518
3524,1,1,28500,3519
3525,6,6,2000,3520
3526,2,2,3500,3521
3527,7,7,5000,3522
3528,4,4,15000,3523
3529,1,1,28500,3524
3530,6,6,2000,3525
3531,2,2,3500,3526
3532,7,7,5000,3527
3533,4,4,15000,3528
3534,1,1,28500,3529
3535,6,6,2000,3530
3536,2,2,3500,3531
3537,7,7,5000,3532
3538,4,4,15000,3533
3539,1,1,28500,3534
3540,6,6,2000,3535
3541,2,2,3500,3536
3542,7,7,5000,3537
3543,4,4,15000,3538
3544,1,1,28500,3539
3545,6,6,2000,3540
3546,2,2,3500,3541
3547,7,7,5000,3542
3548,4,4,15000,3543
3549,1,1,28500,3544
3550,6,6,2000,3545
3551,2,2,3500,3546
3552,7,7,5000,3547
3553,4,4,15000,3548
3554,1,1,28500,3549
3555,6,6,2000,3550
3556,2,2,3500,3551
3557,7,7,5000,3552
3558,4,4,15000,3553
3559,1,1,28500,3554
3560,6,6,2000,3555
3561,2,2,3500,3556
3562,7,7,5000,3557
3563,4,4,15000,3558
3564,1,1,28500,3559
3565,6,6,2000,3560
3566,2,2,3500,3561
3567,7,7,5000,3562
3568,4,4,15000,3563
3569,1,1,28500,3564
3570,6,6,2000,3565
3571,2,2,3500,3566
3572,7,7,5000,3567
3573,4,4,15000,3568
3574,1,1,28500,3569
3575,6,6,2000,3570
3576,2,2,3500,3571
3577,7,7,5000,3572
3578,4,4,15000,3573
3579,1,1,28500,3574
3580,6,6,2000,3575
3581,2,2,3500,3576
3582,7,7,5000,3577
3583,4,4,15000,3578
3584,1,1,28500,3579
3585,6,6,2000,3580
3586,2,2,3500,3581
3587,7,7,5000,3582
3588,4,4,15000,3583
3589,1,1,28500,3584
3590,6,6,2000,3585
3591,2,2,3500,3586
3592,7,7,5000,3587
3593,4,4,15000,3588
3594,1,1,28500,3589
3595,6,6,2000,3590
3596,2,2,3500,3591
3597,7,7,5000,3592
3598,4,4,15000,3593
3599,1,1,28500,3594
3600,6,6,2000,3595
3601,2,2,3500,3596
3602,7,7,5000,3597
3603,4,4,15000,3598
3604,1,1,28500,3599
3605,6,6,2000,3600
3606,2,2,3500,3601
3607,7,7,5000,3602
3608,4,4,15000,3603
3609,1,1,28500,3604
3610,6,6,2000,3605
3611,2,2,3500,3606
3612,7,7,5000,3607
3613,4,4,15000,3608
3614,1,1,28500,3609
3615,6,6,2000,3610
3616,2,2,3500,3611
3617,7,7,5000,3612
3618,4,4,15000,3613
3619,1,1,28500,3614
3620,6,6,2000,3615
3621,2,2,3500,3616
3622,7,7,5000,3617
3623,4,4,15000,3618
3624,1,1,28500,3619
3625,6,6,2000,3620
3626,2,2,3500,3621
3627,7,7,5000,3622
3628,4,4,15000,3623
3629,1,1,28500,3624
3630,6,6,2000,3625
3631,2,2,3500,3626
3632,7,7,5000,3627
3633,4,4,15000,3628
3634,1,1,28500,3629
3635,6,6,2000,3630
3636,2,2,3500,3631
3637,7,7,5000,3632
3638,4,4,15000,3633
3639,1,1,28500,3634
3640,6,6,2000,3635
3641,2,2,3500,3636
3642,7,7,5000,3637
3643,4,4,15000,3638
3644,1,1,28500,3639
3645,6,6,2000,3640
3646,2,2,3500,3641
3647,7,7,5000,3642
3648,4,4,15000,3643
3649,1,1,28500,3644
3650,6,6,2000,3645
3651,2,2,3500,3646
3652,7,7,5000,3647
3653,4,4,15000,3648
3654,1,1,28500,3649
3655,6,6,2000,3650
3656,2,2,3500,3651
3657,7,7,5000,3652
3658,4,4,15000,3653
3659,1,1,28500,3654
3660,6,6,2000,3655
3661,2,2,3500,3656
3662,7,7,5000,3657
3663,4,4,15000,3658
3664,1,1,2000,3659
3665,6,6,3500,3660
3666,2,2,5000,3661
3667,7,7,15000,3662
3668,4,4,28500,3663
3669,1,1,2000,3664
3670,6,6,3500,3665
3671,2,2,5000,3666
3672,7,7,15000,3667
3673,4,4,28500,3668
3674,1,1,2000,3669
3675,6,6,3500,3670
3676,2,2,5000,3671
3677,7,7,15000,3672
3678,4,4,28500,3673
3679,1,1,2000,3674
3680,6,6,3500,3675
3681,2,2,5000,3676
3682,7,7,15000,3677
3683,4,4,28500,3678
3684,1,1,2000,3679
3685,6,6,3500,3680
3686,2,2,5000,3681
3687,7,7,15000,3682
3688,4,4,28500,3683
3689,1,1,2000,3684
3690,6,6,3500,3685
3691,2,2,5000,3686
3692,7,7,15000,3687
3693,4,4,28500,3688
3694,1,1,2000,3689
3695,6,6,3500,3690
3696,2,2,5000,3691
3697,7,7,15000,3692
3698,4,4,28500,3693
3699,1,1,2000,3694
3700,6,6,3500,3695
3701,2,2,5000,3696
3702,7,7,15000,3697
3703,4,4,28500,3698
3704,1,1,2000,3699
3705,6,6,3500,3700
3706,2,2,5000,3701
3707,7,7,15000,3702
3708,4,4,28500,3703
3709,1,1,2000,3704
3710,6,6,3500,3705
3711,2,2,5000,3706
3712,7,7,15000,3707
3713,4,4,28500,3708
3714,1,1,2000,3709
3715,6,6,3500,3710
3716,2,2,5000,3711
3717,7,7,15000,3712
3718,4,4,28500,3713
3719,1,1,2000,3714
3720,6,6,3500,3715
3721,2,2,5000,3716
3722,7,7,15000,3717
3723,4,4,28500,3718
3724,1,1,2000,3719
3725,6,6,3500,3720
3726,2,2,5000,3721
3727,7,7,15000,3722
3728,4,4,28500,3723
3729,1,1,2000,3724
3730,6,6,3500,3725
3731,2,2,5000,3726
3732,7,7,15000,3727
3733,4,4,28500,3728
3734,1,1,2000,3729
3735,6,6,3500,3730
3736,2,2,5000,3731
3737,7,7,15000,3732
3738,4,4,28500,3733
3739,1,1,2000,3734
3740,6,6,3500,3735
3741,2,2,5000,3736
3742,7,7,15000,3737
3743,4,4,28500,3738
3744,1,1,2000,3739
3745,6,6,3500,3740
3746,2,2,5000,3741
3747,7,7,15000,3742
3748,4,4,28500,3743
3749,1,1,2000,3744
3750,6,6,3500,3745
3751,2,2,5000,3746
3752,7,7,15000,3747
3753,4,4,28500,3748
3754,1,1,2000,3749
3755,6,6,3500,3750
3756,2,2,5000,3751
3757,7,7,15000,3752
3758,4,4,28500,3753
3759,1,1,2000,3754
3760,6,6,3500,3755
3761,2,2,5000,3756
3762,7,7,15000,3757
3763,4,4,28500,3758
3764,1,1,2000,3759
3765,6,6,3500,3760
3766,2,2,5000,3761
3767,7,7,15000,3762
3768,4,4,28500,3763
3769,1,1,2000,3764
3770,6,6,3500,3765
3771,2,2,5000,3766
3772,7,7,15000,3767
3773,4,4,28500,3768
3774,1,1,2000,3769
3775,6,6,3500,3770
3776,2,2,5000,3771
3777,7,7,15000,3772
3778,4,4,28500,3773
3779,1,1,2000,3774
3780,6,6,3500,3775
3781,2,2,5000,3776
3782,7,7,15000,3777
3783,4,4,28500,3778
3784,1,1,2000,3779
3785,6,6,3500,3780
3786,2,2,5000,3781
3787,7,7,15000,3782
3788,4,4,28500,3783
3789,1,1,2000,3784
3790,6,6,3500,3785
3791,2,2,5000,3786
3792,7,7,15000,3787
3793,4,4,28500,3788
3794,1,1,2000,3789
3795,6,6,3500,3790
3796,2,2,5000,3791
3797,7,7,15000,3792
3798,4,4,28500,3793
3799,1,1,2000,3794
3800,6,6,3500,3795
3801,2,2,5000,3796
3802,7,7,15000,3797
3803,4,4,28500,3798
3804,1,1,2000,3799
3805,6,6,3500,3800
3806,2,2,5000,3801
3807,7,7,15000,3802
3808,4,4,28500,3803
3809,1,1,2000,3804
3810,6,6,3500,3805
3811,2,2,5000,3806
3812,7,7,15000,3807
3813,4,4,28500,3808
3814,1,1,2000,3809
3815,6,6,3500,3810
3816,2,2,5000,3811
3817,7,7,15000,3812
3818,4,4,28500,3813
3819,1,1,2000,3814
3820,6,6,3500,3815
3821,2,2,5000,3816
3822,7,7,15000,3817
3823,4,4,28500,3818
3824,1,1,2000,3819
3825,6,6,3500,3820
3826,2,2,5000,3821
3827,7,7,15000,3822
3828,4,4,28500,3823
3829,1,1,2000,3824
3830,6,6,3500,3825
3831,2,2,5000,3826
3832,7,7,2000,3827
3833,4,4,3500,3828
3834,1,1,5000,3829
3835,6,6,15000,3830
3836,2,2,28500,3831
3837,7,7,2000,3832
3838,4,4,3500,3833
3839,1,1,5000,3834
3840,6,6,15000,3835
3841,2,2,28500,3836
3842,7,7,2000,3837
3843,4,4,3500,3838
3844,1,1,5000,3839
3845,6,6,15000,3840
3846,2,2,28500,3841
3847,7,7,2000,3842
3848,4,4,3500,3843
3849,1,1,5000,3844
3850,6,6,15000,3845
3851,2,2,28500,3846
3852,7,7,2000,3847
3853,4,4,3500,3848
3854,1,1,5000,3849
3855,6,6,15000,3850
3856,2,2,28500,3851
3857,7,7,2000,3852
3858,4,4,3500,3853
3859,1,1,5000,3854
3860,6,6,15000,3855
3861,2,2,28500,3856
3862,7,7,2000,3857
3863,4,4,3500,3858
3864,1,1,5000,3859
3865,6,6,15000,3860
3866,2,2,28500,3861
3867,7,7,2000,3862
3868,4,4,3500,3863
3869,1,1,5000,3864
3870,6,6,15000,3865
3871,2,2,28500,3866
3872,7,7,2000,3867
3873,4,4,3500,3868
3874,1,1,5000,3869
3875,6,6,15000,3870
3876,2,2,28500,3871
3877,7,7,2000,3872
3878,4,4,3500,3873
3879,1,1,5000,3874
3880,6,6,15000,3875
3881,2,2,28500,3876
3882,7,7,2000,3877
3883,4,4,3500,3878
3884,1,1,5000,3879
3885,6,6,15000,3880
3886,2,2,28500,3881
3887,7,7,2000,3882
3888,4,4,3500,3883
3889,1,1,5000,3884
3890,6,6,15000,3885
3891,2,2,28500,3886
3892,7,7,2000,3887
3893,4,4,3500,3888
3894,1,1,5000,3889
3895,6,6,15000,3890
3896,2,2,28500,3891
3897,7,7,2000,3892
3898,4,4,3500,3893
3899,1,1,5000,3894
3900,6,6,15000,3895
3901,2,2,28500,3896
3902,7,7,2000,3897
3903,4,4,3500,3898
3904,1,1,5000,3899
3905,6,6,15000,3900
3906,2,2,28500,3901
3907,7,7,2000,3902
3908,4,4,3500,3903
3909,1,1,5000,3904
3910,6,6,15000,3905
3911,2,2,28500,3906
3912,7,7,2000,3907
3913,4,4,3500,3908
3914,1,1,5000,3909
3915,6,6,15000,3910
3916,2,2,28500,3911
3917,7,7,2000,3912
3918,4,4,3500,3913
3919,1,1,5000,3914
3920,6,6,15000,3915
3921,2,2,28500,3916
3922,7,7,2000,3917
3923,4,4,3500,3918
3924,1,1,5000,3919
3925,6,6,15000,3920
3926,2,2,28500,3921
3927,7,7,2000,3922
3928,4,4,3500,3923
3929,1,1,5000,3924
3930,6,6,15000,3925
3931,2,2,28500,3926
3932,7,7,2000,3927
3933,4,4,3500,3928
3934,1,1,5000,3929
3935,6,6,15000,3930
3936,2,2,28500,3931
3937,7,7,2000,3932
3938,4,4,3500,3933
3939,1,1,5000,3934
3940,6,6,15000,3935
3941,2,2,28500,3936
3942,7,7,2000,3937
3943,4,4,3500,3938
3944,1,1,5000,3939
3945,6,6,15000,3940
3946,2,2,28500,3941
3947,7,7,2000,3942
3948,4,4,3500,3943
3949,1,1,5000,3944
3950,6,6,15000,3945
3951,2,2,28500,3946
3952,7,7,2000,3947
3953,4,4,3500,3948
3954,1,1,5000,3949
3955,6,6,15000,3950
3956,2,2,28500,3951
3957,7,7,2000,3952
3958,4,4,3500,3953
3959,1,1,5000,3954
3960,6,6,15000,3955
3961,2,2,28500,3956
3962,7,7,2000,3957
3963,4,4,3500,3958
3964,1,1,5000,3959
3965,6,6,15000,3960
3966,2,2,28500,3961
3967,7,7,2000,3962
3968,4,4,3500,3963
3969,1,1,5000,3964
3970,6,6,15000,3965
3971,2,2,28500,3966
3972,7,7,2000,3967
3973,4,4,3500,3968
3974,1,1,5000,3969
3975,6,6,15000,3970
3976,2,2,28500,3971
3977,7,7,2000,3972
3978,4,4,3500,3973
3979,1,1,5000,3974
3980,6,6,15000,3975
3981,2,2,28500,3976
3982,7,7,2000,3977
3983,4,4,3500,3978
3984,1,1,5000,3979
3985,6,6,15000,3980
3986,2,2,28500,3981
3987,7,7,2000,3982
3988,4,4,3500,3983
3989,1,1,5000,3984
3990,6,6,15000,3985
3991,2,2,28500,3986
3992,7,7,2000,3987
3993,4,4,3500,3988
3994,1,1,5000,3989
3995,6,6,15000,3990
3996,2,2,28500,3991
3997,7,7,2000,3992
3998,4,4,3500,3993
3999,1,1,5000,3994
4000,6,6,15000,3995
4001,2,2,28500,3996
4002,7,7,2000,3997
4003,4,4,3500,3998
4004,1,1,5000,3999
4005,6,6,15000,4000
4006,2,2,28500,4001
4007,7,7,2000,4002
4008,4,4,3500,4003
4009,1,1,5000,4004
4010,6,6,15000,4005
4011,2,2,2000,4006
4012,7,7,3500,4007
4013,4,4,5000,4008
4014,1,1,15000,4009
4015,6,6,28500,4010
4016,2,2,2000,4011
4017,7,7,3500,4012
4018,4,4,5000,4013
4019,1,1,15000,4014
4020,6,6,28500,4015
4021,2,2,2000,4016
4022,7,7,3500,4017
4023,4,4,5000,4018
4024,1,1,15000,4019
4025,6,6,28500,4020
4026,2,2,2000,4021
4027,7,7,3500,4022
4028,4,4,5000,4023
4029,1,1,15000,4024
4030,6,6,28500,4025
4031,2,2,2000,4026
4032,7,7,3500,4027
4033,4,4,5000,4028
4034,1,1,15000,4029
4035,6,6,28500,4030
4036,2,2,2000,4031
4037,7,7,3500,4032
4038,4,4,5000,4033
4039,1,1,15000,4034
4040,6,6,28500,4035
4041,2,2,2000,4036
4042,7,7,3500,4037
4043,4,4,5000,4038
4044,1,1,15000,4039
4045,6,6,28500,4040
4046,2,2,2000,4041
4047,7,7,3500,4042
4048,4,4,5000,4043
4049,1,1,15000,4044
4050,6,6,28500,4045
4051,2,2,2000,4046
4052,7,7,3500,4047
4053,4,4,5000,4048
4054,1,1,15000,4049
4055,6,6,28500,4050
4056,2,2,2000,4051
4057,7,7,3500,4052
4058,4,4,5000,4053
4059,1,1,15000,4054
4060,6,6,28500,4055
4061,2,2,2000,4056
4062,7,7,3500,4057
4063,4,4,5000,4058
4064,1,1,15000,4059
4065,6,6,28500,4060
4066,2,2,2000,4061
4067,7,7,3500,4062
4068,4,4,5000,4063
4069,1,1,15000,4064
4070,6,6,28500,4065
4071,2,2,2000,4066
4072,7,7,3500,4067
4073,4,4,5000,4068
4074,1,1,15000,4069
4075,6,6,28500,4070
4076,2,2,2000,4071
4077,7,7,3500,4072
4078,4,4,5000,4073
4079,1,1,15000,4074
4080,6,6,28500,4075
4081,2,2,2000,4076
4082,7,7,3500,4077
4083,4,4,5000,4078
4084,1,1,15000,4079
4085,6,6,28500,4080
4086,2,2,2000,4081
4087,7,7,3500,4082
4088,4,4,5000,4083
4089,1,1,15000,4084
4090,6,6,28500,4085
4091,2,2,2000,4086
4092,7,7,3500,4087
4093,4,4,5000,4088
4094,1,1,15000,4089
4095,6,6,28500,4090
4096,2,2,2000,4091
4097,7,7,3500,4092
4098,4,4,5000,4093
4099,1,1,15000,4094
4100,6,6,28500,4095
4101,2,2,2000,4096
4102,7,7,3500,4097
4103,4,4,5000,4098
4104,1,1,15000,4099
4105,6,6,28500,4100
4106,2,2,2000,4101
4107,7,7,3500,4102
4108,4,4,5000,4103
4109,1,1,15000,4104
4110,6,6,28500,4105
4111,2,2,2000,4106
4112,7,7,3500,4107
4113,4,4,5000,4108
4114,1,1,15000,4109
4115,6,6,28500,4110
4116,2,2,2000,4111
4117,7,7,3500,4112
4118,4,4,5000,4113
4119,1,1,15000,4114
4120,6,6,28500,4115
4121,2,2,2000,4116
4122,7,7,3500,4117
4123,4,4,5000,4118
4124,1,1,15000,4119
4125,6,6,28500,4120
4126,2,2,2000,4121
4127,7,7,3500,4122
4128,4,4,5000,4123
4129,1,1,15000,4124
4130,6,6,28500,4125
4131,2,2,2000,4126
4132,7,7,3500,4127
4133,4,4,5000,4128
4134,1,1,15000,4129
4135,6,6,28500,4130
4136,2,2,2000,4131
4137,7,7,3500,4132
4138,4,4,5000,4133
4139,1,1,15000,4134
4140,6,6,28500,4135
4141,2,2,2000,4136
4142,7,7,3500,4137
4143,4,4,5000,4138
4144,1,1,15000,4139
4145,6,6,28500,4140
4146,2,2,2000,4141
4147,7,7,3500,4142
4148,4,4,5000,4143
4149,1,1,15000,4144
4150,6,6,28500,4145
4151,2,2,2000,4146
4152,7,7,3500,4147
4153,4,4,5000,4148
4154,1,1,15000,4149
4155,6,6,28500,4150
4156,2,2,2000,4151
4157,7,7,3500,4152
4158,4,4,5000,4153
4159,1,1,15000,4154
4160,6,6,28500,4155
4161,2,2,2000,4156
4162,7,7,3500,4157
4163,4,4,5000,4158
4164,1,1,15000,4159
4165,6,6,28500,4160
4166,2,2,2000,4161
4167,7,7,3500,4162
4168,4,4,5000,4163
4169,1,1,15000,4164
4170,6,6,28500,4165
4171,2,2,2000,4166
4172,7,7,3500,4167
4173,4,4,5000,4168
4174,1,1,15000,4169
4175,6,6,28500,4170
4176,2,2,2000,4171
4177,7,7,3500,4172
4178,4,4,5000,4173
4179,1,1,15000,4174
4180,6,6,28500,4175
4181,2,2,2000,4176
4182,7,7,3500,4177
4183,4,4,5000,4178
4184,1,1,15000,4179
4185,6,6,2000,4180
4186,2,2,3500,4181
4187,7,7,5000,4182
4188,4,4,15000,4183
4189,1,1,28500,4184
4190,6,6,2000,4185
4191,2,2,3500,4186
4192,7,7,5000,4187
4193,4,4,15000,4188
4194,1,1,28500,4189
4195,6,6,2000,4190
4196,2,2,3500,4191
4197,7,7,5000,4192
4198,4,4,15000,4193
4199,1,1,28500,4194
4200,6,6,2000,4195
4201,2,2,3500,4196
4202,7,7,5000,4197
4203,4,4,15000,4198
4204,1,1,28500,4199
4205,6,6,2000,4200
4206,2,2,3500,4201
4207,7,7,5000,4202
4208,4,4,15000,4203
4209,1,1,28500,4204
4210,6,6,2000,4205
4211,2,2,3500,4206
4212,7,7,5000,4207
4213,4,4,15000,4208
4214,1,1,28500,4209
4215,6,6,2000,4210
4216,2,2,3500,4211
4217,7,7,5000,4212
4218,4,4,15000,4213
4219,1,1,28500,4214
4220,6,6,2000,4215
4221,2,2,3500,4216
4222,7,7,5000,4217
4223,4,4,15000,4218
4224,1,1,28500,4219
4225,6,6,2000,4220
4226,2,2,3500,4221
4227,7,7,5000,4222
4228,4,4,15000,4223
4229,1,1,28500,4224
4230,6,6,2000,4225
4231,2,2,3500,4226
4232,7,7,5000,4227
4233,4,4,15000,4228
4234,1,1,28500,4229
4235,6,6,2000,4230
4236,2,2,3500,4231
4237,7,7,5000,4232
4238,4,4,15000,4233
4239,1,1,28500,4234
4240,6,6,2000,4235
4241,2,2,3500,4236
4242,7,7,5000,4237
4243,4,4,15000,4238
4244,1,1,28500,4239
4245,6,6,2000,4240
4246,2,2,3500,4241
4247,7,7,5000,4242
4248,4,4,15000,4243
4249,1,1,28500,4244
4250,6,6,2000,4245
4251,2,2,3500,4246
4252,7,7,5000,4247
4253,4,4,15000,4248
4254,1,1,28500,4249
4255,6,6,2000,4250
4256,2,2,3500,4251
4257,7,7,5000,4252
4258,4,4,15000,4253
4259,1,1,28500,4254
4260,6,6,2000,4255
4261,2,2,3500,4256
4262,7,7,5000,4257
4263,4,4,15000,4258
4264,1,1,28500,4259
4265,6,6,2000,4260
4266,2,2,3500,4261
4267,7,7,5000,4262
4268,4,4,15000,4263
4269,1,1,28500,4264
4270,6,6,2000,4265
4271,2,2,3500,4266
4272,7,7,5000,4267
4273,4,4,15000,4268
4274,1,1,28500,4269
4275,6,6,2000,4270
4276,2,2,3500,4271
4277,7,7,5000,4272
4278,4,4,15000,4273
4279,1,1,28500,4274
4280,6,6,2000,4275
4281,2,2,3500,4276
4282,7,7,5000,4277
4283,4,4,15000,4278
4284,1,1,28500,4279
4285,6,6,2000,4280
4286,2,2,3500,4281
4287,7,7,5000,4282
4288,4,4,15000,4283
4289,1,1,28500,4284
4290,6,6,2000,4285
4291,2,2,3500,4286
4292,7,7,5000,4287
4293,4,4,15000,4288
4294,1,1,28500,4289
4295,6,6,2000,4290
4296,2,2,3500,4291
4297,7,7,5000,4292
4298,4,4,15000,4293
4299,1,1,28500,4294
4300,6,6,2000,4295
4301,2,2,3500,4296
4302,7,7,5000,4297
4303,4,4,15000,4298
4304,1,1,28500,4299
4305,6,6,2000,4300
4306,2,2,3500,4301
4307,7,7,5000,4302
4308,4,4,15000,4303
4309,1,1,28500,4304
4310,6,6,2000,4305
4311,2,2,3500,4306
4312,7,7,5000,4307
4313,4,4,15000,4308
4314,1,1,28500,4309
4315,6,6,2000,4310
4316,2,2,3500,4311
4317,7,7,5000,4312
4318,4,4,15000,4313
4319,1,1,28500,4314
4320,6,6,2000,4315
4321,2,2,3500,4316
4322,7,7,5000,4317
4323,4,4,15000,4318
4324,1,1,28500,4319
4325,6,6,2000,4320
4326,2,2,3500,4321
4327,7,7,5000,4322
4328,4,4,15000,4323
4329,1,1,28500,4324
4330,6,6,2000,4325
4331,2,2,3500,4326
4332,7,7,5000,4327
4333,4,4,15000,4328
4334,1,1,28500,4329
4335,6,6,2000,4330
4336,2,2,3500,4331
4337,7,7,5000,4332
4338,4,4,15000,4333
4339,1,1,28500,4334
4340,6,6,2000,4335
4341,2,2,3500,4336
4342,7,7,5000,4337
4343,4,4,15000,4338
4344,1,1,28500,4339
4345,6,6,2000,4340
4346,2,2,3500,4341
4347,7,7,5000,4342
4348,4,4,15000,4343
4349,1,1,28500,4344
4350,6,6,2000,4345
4351,2,2,3500,4346
4352,7,7,5000,4347
4353,4,4,15000,4348
4354,1,1,28500,4349
4355,6,6,2000,4350
4356,2,2,3500,4351
4357,7,7,5000,4352
4358,4,4,15000,4353
4359,1,1,28500,4354
4360,6,6,2000,4355
4361,2,2,3500,4356
4362,7,7,5000,4357
4363,4,4,15000,4358
4364,1,1,2000,4359
4365,6,6,3500,4360
4366,2,2,5000,4361
4367,7,7,15000,4362
4368,4,4,28500,4363
4369,1,1,2000,4364
4370,6,6,3500,4365
4371,2,2,5000,4366
4372,7,7,15000,4367
4373,4,4,28500,4368
4374,1,1,2000,4369
4375,6,6,3500,4370
4376,2,2,5000,4371
4377,7,7,15000,4372
4378,4,4,28500,4373
4379,1,1,2000,4374
4380,6,6,3500,4375
4381,2,2,5000,4376
4382,7,7,15000,4377
4383,4,4,28500,4378
4384,1,1,2000,4379
4385,6,6,3500,4380
4386,2,2,5000,4381
4387,7,7,15000,4382
4388,4,4,28500,4383
4389,1,1,2000,4384
4390,6,6,3500,4385
4391,2,2,5000,4386
4392,7,7,15000,4387
4393,4,4,28500,4388
4394,1,1,2000,4389
4395,6,6,3500,4390
4396,2,2,5000,4391
4397,7,7,15000,4392
4398,4,4,28500,4393
4399,1,1,2000,4394
4400,6,6,3500,4395
4401,2,2,5000,4396
4402,7,7,15000,4397
4403,4,4,28500,4398
4404,1,1,2000,4399
4405,6,6,3500,4400
4406,2,2,5000,4401
4407,7,7,15000,4402
4408,4,4,28500,4403
4409,1,1,2000,4404
4410,6,6,3500,4405
4411,2,2,5000,4406
4412,7,7,15000,4407
4413,4,4,28500,4408
4414,1,1,2000,4409
4415,6,6,3500,4410
4416,2,2,5000,4411
4417,7,7,15000,4412
4418,4,4,28500,4413
4419,1,1,2000,4414
4420,6,6,3500,4415
4421,2,2,5000,4416
4422,7,7,15000,4417
4423,4,4,28500,4418
4424,1,1,2000,4419
4425,6,6,3500,4420
4426,2,2,5000,4421
4427,7,7,15000,4422
4428,4,4,28500,4423
4429,1,1,2000,4424
4430,6,6,3500,4425
4431,2,2,5000,4426
4432,7,7,15000,4427
4433,4,4,28500,4428
4434,1,1,2000,4429
4435,6,6,3500,4430
4436,2,2,5000,4431
4437,7,7,15000,4432
4438,4,4,28500,4433
4439,1,1,2000,4434
4440,6,6,3500,4435
4441,2,2,5000,4436
4442,7,7,15000,4437
4443,4,4,28500,4438
4444,1,1,2000,4439
4445,6,6,3500,4440
4446,2,2,5000,4441
4447,7,7,15000,4442
4448,4,4,28500,4443
4449,1,1,2000,4444
4450,6,6,3500,4445
4451,2,2,5000,4446
4452,7,7,15000,4447
4453,4,4,28500,4448
4454,1,1,2000,4449
4455,6,6,3500,4450
4456,2,2,5000,4451
4457,7,7,15000,4452
4458,4,4,28500,4453
4459,1,1,2000,4454
4460,6,6,3500,4455
4461,2,2,5000,4456
4462,7,7,15000,4457
4463,4,4,28500,4458
4464,1,1,2000,4459
4465,6,6,3500,4460
4466,2,2,5000,4461
4467,7,7,15000,4462
4468,4,4,28500,4463
4469,1,1,2000,4464
4470,6,6,3500,4465
4471,2,2,5000,4466
4472,7,7,15000,4467
4473,4,4,28500,4468
4474,1,1,2000,4469
4475,6,6,3500,4470
4476,2,2,5000,4471
4477,7,7,15000,4472
4478,4,4,28500,4473
4479,1,1,2000,4474
4480,6,6,3500,4475
4481,2,2,5000,4476
4482,7,7,15000,4477
4483,4,4,28500,4478
4484,1,1,2000,4479
4485,6,6,3500,4480
4486,2,2,5000,4481
4487,7,7,15000,4482
4488,4,4,28500,4483
4489,1,1,2000,4484
4490,6,6,3500,4485
4491,2,2,5000,4486
4492,7,7,15000,4487
4493,4,4,28500,4488
4494,1,1,2000,4489
4495,6,6,3500,4490
4496,2,2,5000,4491
4497,7,7,15000,4492
4498,4,4,28500,4493
4499,1,1,2000,4494
4500,6,6,3500,4495
4501,2,2,5000,4496
4502,7,7,15000,4497
4503,4,4,28500,4498
4504,1,1,2000,4499
4505,6,6,3500,4500
4506,2,2,5000,4501
4507,7,7,15000,4502
4508,4,4,28500,4503
4509,1,1,2000,4504
4510,6,6,3500,4505
4511,2,2,5000,4506
4512,7,7,15000,4507
4513,4,4,28500,4508
4514,1,1,2000,4509
4515,6,6,3500,4510
4516,2,2,5000,4511
4517,7,7,15000,4512
4518,4,4,28500,4513
4519,1,1,2000,4514
4520,6,6,3500,4515
4521,2,2,5000,4516
4522,7,7,15000,4517
4523,4,4,28500,4518
4524,1,1,2000,4519
4525,6,6,3500,4520
4526,2,2,5000,4521
4527,7,7,15000,4522
4528,4,4,28500,4523
4529,1,1,2000,4524
4530,6,6,3500,4525
4531,2,2,5000,4526
4532,7,7,2000,4527
4533,4,4,3500,4528
4534,1,1,5000,4529
4535,6,6,15000,4530
4536,2,2,28500,4531
4537,7,7,2000,4532
4538,4,4,3500,4533
4539,1,1,5000,4534
4540,6,6,15000,4535
4541,2,2,28500,4536
4542,7,7,2000,4537
4543,4,4,3500,4538
4544,1,1,5000,4539
4545,6,6,15000,4540
4546,2,2,28500,4541
4547,7,7,2000,4542
4548,4,4,3500,4543
4549,1,1,5000,4544
4550,6,6,15000,4545
4551,2,2,28500,4546
4552,7,7,2000,4547
4553,4,4,3500,4548
4554,1,1,5000,4549
4555,6,6,15000,4550
4556,2,2,28500,4551
4557,7,7,2000,4552
4558,4,4,3500,4553
4559,1,1,5000,4554
4560,6,6,15000,4555
4561,2,2,28500,4556
4562,7,7,2000,4557
4563,4,4,3500,4558
4564,1,1,5000,4559
4565,6,6,15000,4560
4566,2,2,28500,4561
4567,7,7,2000,4562
4568,4,4,3500,4563
4569,1,1,5000,4564
4570,6,6,15000,4565
4571,2,2,28500,4566
4572,7,7,2000,4567
4573,4,4,3500,4568
4574,1,1,5000,4569
4575,6,6,15000,4570
4576,2,2,28500,4571
4577,7,7,2000,4572
4578,4,4,3500,4573
4579,1,1,5000,4574
4580,6,6,15000,4575
4581,2,2,28500,4576
4582,7,7,2000,4577
4583,4,4,3500,4578
4584,1,1,5000,4579
4585,6,6,15000,4580
4586,2,2,28500,4581
4587,7,7,2000,4582
4588,4,4,3500,4583
4589,1,1,5000,4584
4590,6,6,15000,4585
4591,2,2,28500,4586
4592,7,7,2000,4587
4593,4,4,3500,4588
4594,1,1,5000,4589
4595,6,6,15000,4590
4596,2,2,28500,4591
4597,7,7,2000,4592
4598,4,4,3500,4593
4599,1,1,5000,4594
4600,6,6,15000,4595
4601,2,2,28500,4596
4602,7,7,2000,4597
4603,4,4,3500,4598
4604,1,1,5000,4599
4605,6,6,15000,4600
4606,2,2,28500,4601
4607,7,7,2000,4602
4608,4,4,3500,4603
4609,1,1,5000,4604
4610,6,6,15000,4605
4611,2,2,28500,4606
4612,7,7,2000,4607
4613,4,4,3500,4608
4614,1,1,5000,4609
4615,6,6,15000,4610
4616,2,2,28500,4611
4617,7,7,2000,4612
4618,4,4,3500,4613
4619,1,1,5000,4614
4620,6,6,15000,4615
4621,2,2,28500,4616
4622,7,7,2000,4617
4623,4,4,3500,4618
4624,1,1,5000,4619
4625,6,6,15000,4620
4626,2,2,28500,4621
4627,7,7,2000,4622
4628,4,4,3500,4623
4629,1,1,5000,4624
4630,6,6,15000,4625
4631,2,2,28500,4626
4632,7,7,2000,4627
4633,4,4,3500,4628
4634,1,1,5000,4629
4635,6,6,15000,4630
4636,2,2,28500,4631
4637,7,7,2000,4632
4638,4,4,3500,4633
4639,1,1,5000,4634
4640,6,6,15000,4635
4641,2,2,28500,4636
4642,7,7,2000,4637
4643,4,4,3500,4638
4644,1,1,5000,4639
4645,6,6,15000,4640
4646,2,2,28500,4641
4647,7,7,2000,4642
4648,4,4,3500,4643
4649,1,1,5000,4644
4650,6,6,15000,4645
4651,2,2,28500,4646
4652,7,7,2000,4647
4653,4,4,3500,4648
4654,1,1,5000,4649
4655,6,6,15000,4650
4656,2,2,28500,4651
4657,7,7,2000,4652
4658,4,4,3500,4653
4659,1,1,5000,4654
4660,6,6,15000,4655
4661,2,2,28500,4656
4662,7,7,2000,4657
4663,4,4,3500,4658
4664,1,1,5000,4659
4665,6,6,15000,4660
4666,2,2,28500,4661
4667,7,7,2000,4662
4668,4,4,3500,4663
4669,1,1,5000,4664
4670,6,6,15000,4665
4671,2,2,28500,4666
4672,7,7,2000,4667
4673,4,4,3500,4668
4674,1,1,5000,4669
4675,6,6,15000,4670
4676,2,2,28500,4671
4677,7,7,2000,4672
4678,4,4,3500,4673
4679,1,1,5000,4674
4680,6,6,15000,4675
4681,2,2,28500,4676
4682,7,7,2000,4677
4683,4,4,3500,4678
4684,1,1,5000,4679
4685,6,6,15000,4680
4686,2,2,28500,4681
4687,7,7,2000,4682
4688,4,4,3500,4683
4689,1,1,5000,4684
4690,6,6,15000,4685
4691,2,2,28500,4686
4692,7,7,2000,4687
4693,4,4,3500,4688
4694,1,1,5000,4689
4695,6,6,15000,4690
4696,2,2,28500,4691
4697,7,7,2000,4692
4698,4,4,3500,4693
4699,1,1,5000,4694
4700,6,6,15000,4695
4701,2,2,28500,4696
4702,7,7,2000,4697
4703,4,4,3500,4698
4704,1,1,5000,4699
4705,6,6,15000,4700
4706,2,2,28500,4701
4707,7,7,2000,4702
4708,4,4,3500,4703
4709,1,1,5000,4704
4710,6,6,15000,4705
4711,2,2,2000,4706
4712,7,7,3500,4707
4713,4,4,5000,4708
4714,1,1,15000,4709
4715,6,6,28500,4710
4716,2,2,2000,4711
4717,7,7,3500,4712
4718,4,4,5000,4713
4719,1,1,15000,4714
4720,6,6,28500,4715
4721,2,2,2000,4716
4722,7,7,3500,4717
4723,4,4,5000,4718
4724,1,1,15000,4719
4725,6,6,28500,4720
4726,2,2,2000,4721
4727,7,7,3500,4722
4728,4,4,5000,4723
4729,1,1,15000,4724
4730,6,6,28500,4725
4731,2,2,2000,4726
4732,7,7,3500,4727
4733,4,4,5000,4728
4734,1,1,15000,4729
4735,6,6,28500,4730
4736,2,2,2000,4731
4737,7,7,3500,4732
4738,4,4,5000,4733
4739,1,1,15000,4734
4740,6,6,28500,4735
4741,2,2,2000,4736
4742,7,7,3500,4737
4743,4,4,5000,4738
4744,1,1,15000,4739
4745,6,6,28500,4740
4746,2,2,2000,4741
4747,7,7,3500,4742
4748,4,4,5000,4743
4749,1,1,15000,4744
4750,6,6,28500,4745
4751,2,2,2000,4746
4752,7,7,3500,4747
4753,4,4,5000,4748
4754,1,1,15000,4749
4755,6,6,28500,4750
4756,2,2,2000,4751
4757,7,7,3500,4752
4758,4,4,5000,4753
4759,1,1,15000,4754
4760,6,6,28500,4755
4761,2,2,2000,4756
4762,7,7,3500,4757
4763,4,4,5000,4758
4764,1,1,15000,4759
4765,6,6,28500,4760
4766,2,2,2000,4761
4767,7,7,3500,4762
4768,4,4,5000,4763
4769,1,1,15000,4764
4770,6,6,28500,4765
4771,2,2,2000,4766
4772,7,7,3500,4767
4773,4,4,5000,4768
4774,1,1,15000,4769
4775,6,6,28500,4770
4776,2,2,2000,4771
4777,7,7,3500,4772
4778,4,4,5000,4773
4779,1,1,15000,4774
4780,6,6,28500,4775
4781,2,2,2000,4776
4782,7,7,3500,4777
4783,4,4,5000,4778
4784,1,1,15000,4779
4785,6,6,28500,4780
4786,2,2,2000,4781
4787,7,7,3500,4782
4788,4,4,5000,4783
4789,1,1,15000,4784
4790,6,6,28500,4785
4791,2,2,2000,4786
4792,7,7,3500,4787
4793,4,4,5000,4788
4794,1,1,15000,4789
4795,6,6,28500,4790
4796,2,2,2000,4791
4797,7,7,3500,4792
4798,4,4,5000,4793
4799,1,1,15000,4794
4800,6,6,28500,4795
4801,2,2,2000,4796
4802,7,7,3500,4797
4803,4,4,5000,4798
4804,1,1,15000,4799
4805,6,6,28500,4800
4806,2,2,2000,4801
4807,7,7,3500,4802
4808,4,4,5000,4803
4809,1,1,15000,4804
4810,6,6,28500,4805
4811,6,6,2000,4806
4812,6,6,3500,4807
4813,6,6,5000,4808
4814,6,6,15000,4809
4815,6,6,28500,4810
4816,6,6,2000,4811
4817,6,6,3500,4812
4818,6,6,5000,4813
4819,6,6,15000,4814
4820,6,6,28500,4815
4821,6,6,2000,4816
4822,6,6,3500,4817
4823,6,6,5000,4818
4824,6,6,15000,4819
4825,6,6,28500,4820
4826,6,6,2000,4821
4827,6,6,3500,4822
4828,6,6,5000,4823
4829,6,6,15000,4824
4830,6,6,28500,4825
4831,6,6,2000,4826
4832,6,6,3500,4827
4833,6,6,5000,4828
4834,6,6,15000,4829
4835,6,6,28500,4830
4836,6,6,2000,4831
4837,6,6,3500,4832
4838,6,6,5000,4833
4839,6,6,15000,4834
4840,6,6,28500,4835
4841,6,6,2000,4836
4842,6,6,3500,4837
4843,6,6,5000,4838
4844,6,6,15000,4839
4845,6,6,28500,4840
4846,6,6,2000,4841
4847,6,6,3500,4842
4848,6,6,5000,4843
4849,6,6,15000,4844
4850,6,6,28500,4845
4851,6,6,2000,4846
4852,6,6,3500,4847
4853,6,6,5000,4848
4854,6,6,15000,4849
4855,6,6,28500,4850
4856,6,6,2000,4851
4857,6,6,3500,4852
4858,6,6,5000,4853
4859,6,6,15000,4854
4860,6,6,28500,4855
4861,6,6,2000,4856
4862,6,6,3500,4857
4863,6,6,5000,4858
4864,6,6,15000,4859
4865,6,6,28500,4860
4866,6,6,2000,4861
4867,6,6,3500,4862
4868,6,6,5000,4863
4869,6,6,15000,4864
4870,6,6,28500,4865
4871,6,6,2000,4866
4872,6,6,3500,4867
4873,6,6,5000,4868
4874,6,6,15000,4869
4875,6,6,28500,4870
4876,6,6,2000,4871
4877,6,6,3500,4872
4878,6,6,5000,4873
4879,6,6,15000,4874
4880,6,6,28500,4875
4881,6,6,2000,4876
4882,6,6,3500,4877
4883,6,6,5000,4878
4884,6,6,15000,4879
4885,6,6,28500,4880
4886,6,6,2000,4881
4887,6,6,3500,4882
4888,6,6,5000,4883
4889,6,6,15000,4884
4890,6,6,28500,4885
4891,6,6,1000,4886
4892,6,6,1000,4887
4893,6,6,1000,4888
4894,6,6,1000,4889
4895,6,6,1000,4890
4896,6,6,1000,4891
4897,6,6,1000,4892
4898,6,6,1000,4893
4899,6,6,1000,4894
4900,6,6,1000,4895
4901,6,6,1000,4896
4902,6,6,1000,4897
4903,6,6,1000,4898
4904,6,6,1000,4899
4905,6,6,1000,4900
4906,6,6,1000,4901
4907,6,6,1000,4902
4908,6,6,1000,4903
4909,6,6,1000,4904
4910,6,6,1000,4905
4911,6,6,1000,4906
4912,6,6,1000,4907
4913,6,6,1000,4908
4914,6,6,1000,4909
4915,6,6,1000,4910
4916,6,6,1000,4911
4917,6,6,1000,4912
4918,6,6,1000,4913
4919,6,6,1000,4914
4920,6,6,1000,4915
4921,6,6,1000,4916
4922,6,6,1000,4917
4923,6,6,1000,4918
4924,6,6,1000,4919
4925,6,6,1000,4920
4926,6,6,1000,4921
4927,6,6,1000,4922
4928,6,6,1000,4923
4929,6,6,1000,4924
4930,6,6,1000,4925
4931,6,6,1000,4926
4932,6,6,1000,4927
4933,6,6,1000,4928
4934,6,6,1000,4929
4935,6,6,1000,4930
4936,6,6,1000,4931
4937,6,6,1000,4932
4938,6,6,1000,4933
4939,6,6,1000,4934
4940,6,6,1000,4935
4941,6,6,1000,4936
4942,6,6,1000,4937
4943,6,6,1000,4938
4944,6,6,1000,4939
4945,6,6,1000,4940
4946,6,6,1000,4941
4947,6,6,1000,4942
4948,6,6,1000,4943
4949,6,6,1000,4944
4950,6,6,1000,4945
4951,6,6,1000,4946
4952,6,6,1000,4947
4953,6,6,1000,4948
4954,6,6,1000,4949
4955,6,6,1000,4950
4956,6,6,1000,4951
4957,6,6,1000,4952
4958,6,6,1000,4953
4959,6,6,1000,4954
4960,6,6,1000,4955
4961,6,6,1000,4956
4962,6,6,1000,4957
4963,6,6,1000,4958
4964,6,6,1000,4959
4965,6,6,1000,4960
4966,6,6,1000,4961
4967,6,6,1000,4962
4968,6,6,1000,4963
4969,6,6,1000,4964
4970,6,6,1000,4965
4971,6,6,1000,4966
4972,6,6,1000,4967
4973,6,6,1000,4968
4974,6,6,1000,4969
4975,6,6,1000,4970
4976,6,6,1000,4971
4977,6,6,1000,4972
4978,6,6,1000,4973
4979,6,6,1000,4974
4980,6,6,1000,4975
4981,6,6,1000,4976
4982,6,6,1000,4977
4983,6,6,1000,4978
4984,6,6,1000,4979
4985,6,6,1000,4980
4986,6,6,1000,4981
4987,6,6,1000,4982
4988,6,6,1000,4983
4989,6,6,1000,4984
4990,6,6,1000,4985
4991,6,6,1000,4986
4992,6,6,1000,4987
4993,6,6,1000,4988
4994,6,6,1000,4989
4995,6,6,1000,4990
4996,6,6,1000,4991
4997,6,6,1000,4992
4998,6,6,1000,4993
4999,5,5,1000,4994
